y,plan,remaining,e_z,e_h,Vact_z,Vpoly_z,Vcmd_z,safety
12.182029485702515,55,1.095362901687622,-0.021963244257550585,0.04373264379446076,1.0284178256988525,0.9462137126509022,0.0,HOLD
12.198032855987549,56,1.079359531402588,-0.02073887320919021,0.04728246633137889,1.0845736265182495,0.9876362680822045,1.0217237999596376,SAFE
12.222027063369751,56,1.0553653240203857,-0.018513963778405085,0.052672315449758346,1.1618311405181885,1.0473656445824104,1.0217237999596376,SAFE
12.246330976486206,56,1.0310614109039307,-0.016290376959984032,0.058232420046597844,1.2317278385162354,1.1045862085813551,1.1534985833267828,SAFE
12.262063264846802,56,1.015329122543335,-0.014122515592169815,0.06176005576955898,1.2738902568817139,1.1396785862855527,1.1534985833267828,SAFE
12.286025285720825,56,0.9913671016693115,-0.0111127872078014,0.06712323704283235,1.3364304304122925,1.1899268089709705,1.1534985833267828,SAFE
12.30203104019165,56,0.9753613471984863,-0.00894010432414194,0.07064690705921321,1.3755831718444824,1.2211969598260823,1.2340613334022146,SAFE
12.318032503128052,56,0.959359884262085,-0.006633560621241319,0.07411453716621302,1.410200834274292,1.2505176360340038,1.2340613334022146,SAFE
12.34203028678894,56,0.9353621006011963,-0.003113267711411183,0.07915037115095461,1.4477028846740723,1.2906742718663096,0.0,HOLD
12.358037233352661,57,0.9193551540374756,-0.0008322698273770524,0.08239122019487481,1.4676480293273926,1.3148108730203192,0.0,HOLD
12.382029294967651,57,0.8953630924224854,0.002575079688301063,0.0870494695079631,1.499401330947876,1.3468452083232751,0.0,HOLD
12.398031949996948,57,0.8793604373931885,0.004875876251978717,0.09003636498299827,1.5197865962982178,1.3653665146291094,1.3802396556590062,SAFE
12.42203140258789,57,0.8553609848022461,0.008354692087359394,0.09431295437912617,1.5396820306777954,1.388750494864075,1.3802396556590062,SAFE
12.43802547454834,57,0.8393669128417969,0.010546726204688772,0.09699467328499954,1.5423263311386108,1.4013469436137684,1.3802396556590062,SAFE
12.462097406387329,57,0.8152949810028076,0.01343787888707737,0.1008364005009596,1.5418034791946411,1.41571694575242,1.4346560518677443,WARNING
12.478069543838501,58,0.7993228435516357,0.015349462429003258,0.10311036462338188,1.5415743589401245,1.4221726997546873,0.0,HOLD
12.50204086303711,58,0.7753515243530273,0.018034493916375238,0.10627802245695106,1.5397610664367676,1.427210323208856,1.4370212719041995,WARNING
12.518032550811768,58,0.7593598365783691,0.019745546485591126,0.10825694362825358,1.5366325378417969,1.42745364877948,1.4370212719041995,WARNING
12.542043209075928,58,0.735349178314209,0.02202362050405493,0.1110214733206096,1.5181570053100586,1.4231322020580999,1.4370212719041995,WARNING
12.558032751083374,58,0.7193596363067627,0.02339168382380985,0.1126514201404588,1.5040045976638794,1.417144480912633,1.4116325378417969,BRAKE
12.582029104232788,58,0.6953632831573486,0.02501183999490597,0.11483115816120534,1.4558629989624023,1.403532237005701,0.0,HOLD
12.598031282424927,58,0.67936110496521,0.025527705220614094,0.11602534183841726,1.413358449935913,1.3914037923582367,1.3308629989624023,BRAKE
12.62202501296997,58,0.655367374420166,0.025454554769177018,0.11739840386973846,1.3455413579940796,1.3687244039771884,1.3308629989624023,BRAKE
12.638025283813477,58,0.6393671035766602,0.024789124705565047,0.11804938654801332,1.2953928709030151,1.350662852739096,1.3308629989624023,BRAKE
12.662047624588013,58,0.615344762802124,0.022899107814477238,0.11867540462602398,1.2241395711898804,1.3192537018164199,1.2205413579940796,BRAKE
12.678029298782349,58,0.5993630886077881,0.021159934994664065,0.11867940795056166,1.169355034828186,1.2955863787770747,1.2205413579940796,BRAKE
12.702027082443237,58,0.5753653049468994,0.017434822675964412,0.1182660526102258,1.0696437358856201,1.2560516544037128,1.169355034828186,WARNING
12.718032360076904,58,0.5593600273132324,0.014146625198649398,0.11762772516698923,1.0045796632766724,1.2271239721772313,1.169355034828186,WARNING
12.742023944854736,60,1.1315696239471436,0.008608311875770047,0.11610458015097704,0.9442005753517151,1.1820264079348672,0.0,HOLD
12.75802731513977,60,1.1155662536621094,0.004904864409748244,0.1148177810189121,0.921866238117218,1.150834182668172,1.0045796632766724,WARNING
12.782029867172241,60,1.0915637016296387,-0.00043332799036521763,0.11233916991190614,0.8736171722412109,1.1022683885367903,1.0045796632766724,WARNING
12.798032760620117,60,1.0755608081817627,-0.0041218647837505396,0.11021227180716871,0.82642662525177,1.0686258304137881,0.8736171722412109,WARNING
12.822029829025269,60,1.0515637397766113,-0.01015150985343416,0.10610003794854893,0.7472091317176819,1.0162037507699562,0.8736171722412109,WARNING
12.838024377822876,60,1.035569190979004,-0.0144794671743263,0.1027276695151987,0.7016843557357788,0.9799295684413949,0.8736171722412109,WARNING
12.862032413482666,60,1.0115611553192139,-0.02105460312500479,0.09688830400976613,0.6527608036994934,0.9234949657180368,0.7472091317176819,WARNING
12.878026247024536,60,0.9955673217773438,-0.025320986755796526,0.09242936230852439,0.6234654188156128,0.8846128761957741,0.7472091317176819,WARNING
12.902028322219849,60,0.9715652465820312,-0.03160439526857789,0.08507545520586608,0.5617517828941345,0.8244443412058836,0.6234654188156128,WARNING
12.918025016784668,60,0.9555685520172119,-0.03586786026846961,0.07971080609288442,0.5144054293632507,0.783225322215248,0.6234654188156128,WARNING
12.942028760910034,60,0.9315648078918457,-0.04243087440686144,0.07127874868523955,0.45116597414016724,0.7199039516142276,0.6234654188156128,WARNING
12.958027124404907,60,0.9155664443969727,-0.046676500383666,0.06560496899575918,0.41923001408576965,0.6768697498285724,0.5144054293632507,WARNING
12.982030391693115,60,0.8915631771087646,-0.052592042956826124,0.057663156123995994,0.37560075521469116,0.6113603421048822,0.0,HOLD
12.998029232025146,60,0.8755643367767334,-0.05630382504933734,0.05322041601031685,0.3362159729003906,0.5672733421591963,0.6477442678314272,SAFE
13.02202558517456,60,0.8515679836273193,-0.06164824690282128,0.049044222269886244,0.3048417568206787,0.5009130894629588,0.6477442678314272,SAFE
