measurement_stamp,receipt_stamp,processed_stamp,published_stamp,source,valid,observation_valid,truth_available,rejection_reason,rgb_raw_stamp,depth_raw_stamp,rgb_receipt_stamp,depth_receipt_stamp,rgb_mapped_stamp,depth_mapped_stamp,image_measurement_stamp,rgb_depth_acquisition_skew,pose_history_start_stamp,pose_history_end_stamp,position_source_stamp,position_mapped_stamp,attitude_source_stamp,attitude_mapped_stamp,position_history_start_stamp,position_history_end_stamp,attitude_history_start_stamp,attitude_history_end_stamp,image_clock_offset,image_clock_mapping_mode,image_clock_status,image_clock_reset_count,image_clock_anchor_sim_stamp,image_clock_anchor_system_stamp,image_clock_reference_age,image_clock_sync_quality,image_measurement_time_source,px4_clock_offset,px4_clock_reset_count,px4_clock_calibration_count,px4_clock_recalibration_count,px4_clock_status,approach_phase,distance_bin,motion_regime,confidence,red_pixel_count,valid_depth_ratio,target_range,view_angle,position_x,position_y,position_z,covariance_xx,covariance_yy,covariance_zz,truth_x,truth_y,truth_z,error_x,error_y,error_z,horizontal_error,position_3d_error,observation_age
1790082288.6652882,1790082288.7322133,1790082288.7846777,1790082288.784727,front_rgbd_red_sphere,True,True,True,,33.652,33.7,1790082288.6870155,1790082288.7322133,1790082288.6652882,1790082288.7133672,1790082288.6652882,0.04800000000000182,1790082287.708173,1790082288.7082849,1790082288.7082849,1790082288.7082849,1790082288.7082849,1790082288.7082849,1790082287.708173,1790082288.7082849,1790082287.692173,1790082288.7082849,1790082255.0132883,GAZEBO_CLOCK_SYSTEM_INTERPOLATION,MAPPED_EXACT,0,33.7,1790082288.7133672,0.0025796890258789062,0.0,RGB,0.0,1,1,0,DIRECT_TIMESTAMP,PREPARATION,MID,STRAIGHT,1.0,356,1.0,6.951108932495117,0.49853965640068054,43.26154964842809,3.9652130444660463,0.35653847909816344,0.022353565128209442,0.022353565128209442,0.022353565128209442,43.234756797458665,4.731299334974932,-0.033089621154037845,0.026792850969421522,-0.7660862905088859,0.3896281002522013,0.7665546695237951,0.8598930851419112,0.066925048828125
1790082288.7652786,1790082288.828622,1790082288.8848746,1790082288.884926,front_rgbd_red_sphere,True,True,True,,33.752,33.8,1790082288.7879374,1790082288.828622,1790082288.7652786,1790082288.8132844,1790082288.7652786,0.047999999999994714,1790082287.792173,1790082288.8042848,1790082288.8042848,1790082288.8042848,1790082288.808285,1790082288.808285,1790082287.788173,1790082288.8042848,1790082287.792173,1790082288.808285,1790082255.0132785,GAZEBO_CLOCK_SYSTEM_INTERPOLATION,MAPPED_EXACT,0,33.8,1790082288.8132844,0.0025489330291748047,0.0,RGB,0.0,1,1,0,DIRECT_TIMESTAMP,PREPARATION,MID,STRAIGHT,1.0,339,1.0,6.94585657119751,0.46069392561912537,43.5411300740271,3.690830262696381,0.3592060385691545,0.022337862248341077,0.022337862248341077,0.022337862248341077,43.52041619217845,4.451396674282621,-0.02682247051584766,0.020713881848649862,-0.7605664115862396,0.3860285090850022,0.7608484286205821,0.853175445709028,0.06334352493286133
1790082288.865277,1790082288.9447114,1790082288.9850848,1790082288.9851346,front_rgbd_red_sphere,True,True,True,,33.852,33.9,1790082288.8864338,1790082288.9447114,1790082288.865277,1790082288.9132783,1790082288.865277,0.04800000000000182,1790082287.9081728,1790082288.908285,1790082288.908285,1790082288.908285,1790082288.908285,1790082288.908285,1790082287.9081728,1790082288.908285,1790082287.8921728,1790082288.908285,1790082255.013277,GAZEBO_CLOCK_SYSTEM_INTERPOLATION,MAPPED_EXACT,0,33.9,1790082288.9132783,0.0025975704193115234,0.0,RGB,0.0,1,1,0,DIRECT_TIMESTAMP,PREPARATION,MID,STRAIGHT,1.0,326,1.0,6.905838489532471,0.42745888233184814,43.83643755417555,3.4045276956978565,0.29670976349599437,0.022218401957940233,0.022218401957940233,0.022218401957940233,43.80583226682805,4.171040657404106,-0.019892489115085926,0.03060528734750534,-0.7665129617062494,0.3166022526110803,0.7671237214930259,0.8298890229637453,0.07943439483642578
1790082288.9132783,1790082289.02793,1790082289.0837162,1790082289.0837533,front_rgbd_red_sphere,True,True,True,,33.9,34.0,1790082288.9467883,1790082289.02793,1790082288.9132783,1790082289.01329,1790082288.9132783,0.10000000000000142,1790082287.992173,1790082289.0042849,1790082289.0042849,1790082289.0042849,1790082289.0082848,1790082289.0082848,1790082287.988173,1790082289.0042849,1790082287.992173,1790082289.0082848,1790082255.0132782,GAZEBO_CLOCK_SYSTEM_INTERPOLATION,MAPPED_EXACT,0,34.0,1790082289.01329,0.0025632381439208984,0.0,RGB,0.0,1,1,0,DIRECT_TIMESTAMP,PREPARATION,MID,STRAIGHT,1.0,319,1.0,6.890719890594482,0.41837114095687866,43.97509816664644,3.2566019393483963,0.2685558187557096,0.022173354517865423,0.022173354517865423,0.022173354517865423,43.94261014262966,4.036458310892687,-0.016385390447276493,0.03248802401677864,-0.779856371544291,0.2849412092029861,0.7805327872310951,0.8309169180157556,0.11465167999267578
1790082289.01329,1790082289.1354835,1790082289.1842332,1790082289.1842883,front_rgbd_red_sphere,True,True,True,,34.0,34.1,1790082289.0288718,1790082289.1354835,1790082289.01329,1790082289.1133084,1790082289.01329,0.10000000000000142,1790082288.108173,1790082289.108285,1790082289.108285,1790082289.108285,1790082289.108285,1790082289.108285,1790082288.108173,1790082289.108285,1790082288.0921729,1790082289.108285,1790082255.01329,GAZEBO_CLOCK_SYSTEM_INTERPOLATION,MAPPED_EXACT,0,34.1,1790082289.1133084,0.0025835037231445312,0.0,RGB,0.0,1,1,0,DIRECT_TIMESTAMP,PREPARATION,MID,STRAIGHT,1.0,318,1.0,6.8970441818237305,0.4178166389465332,44.28453003903718,2.965229463858866,0.2718770527757686,0.022192192242040668,0.022192192242040668,0.022192192242040668,44.22762498446006,3.7555572435316105,-0.008791913104373102,0.056905054577121916,-0.7903277796727446,0.28066896588014173,0.7923737656932337,0.8406136169293855,0.12219357490539551
1790082289.2132835,1790082289.280856,1790082289.3854675,1790082289.3855124,front_rgbd_red_sphere,True,True,True,,34.2,34.252,1790082289.233096,1790082289.280856,1790082289.2132835,1790082289.2652862,1790082289.2132835,0.0519999999999996,1790082288.308173,1790082289.308285,1790082289.308285,1790082289.308285,1790082289.308285,1790082289.308285,1790082288.308173,1790082289.308285,1790082288.292173,1790082289.308285,1790082255.0132835,GAZEBO_CLOCK_SYSTEM_INTERPOLATION,MAPPED_EXACT,0,34.252,1790082289.2652862,0.0025870800018310547,0.0,RGB,0.0,1,1,0,DIRECT_TIMESTAMP,TERMINAL_APPROACH,MID,STRAIGHT,1.0,335,1.0,6.871714115142822,0.44492706656455994,44.87660359104235,2.368974982846595,0.26368529382844047,0.022116788230567383,0.022116788230567383,0.022116788230567383,44.79644063760492,3.1932652871172476,0.006842426219357127,0.08016295343742996,-0.8242903042706526,0.25684286760908337,0.8281790898220123,0.8670921885590215,0.06757235527038574
1790082289.3652725,1790082289.429162,1790082289.4857466,1790082289.4858005,front_rgbd_red_sphere,True,True,True,,34.352,34.4,1790082289.388274,1790082289.429162,1790082289.3652725,1790082289.4132833,1790082289.3652725,0.04800000000000182,1790082288.3921728,1790082289.404285,1790082289.404285,1790082289.404285,1790082289.408285,1790082289.408285,1790082288.3881729,1790082289.404285,1790082288.3921728,1790082289.408285,1790082255.0132725,GAZEBO_CLOCK_SYSTEM_INTERPOLATION,MAPPED_EXACT,0,34.4,1790082289.4132833,0.002588510513305664,0.0,RGB,0.0,1,1,0,DIRECT_TIMESTAMP,TERMINAL_APPROACH,MID,STRAIGHT,1.0,357,1.0,6.840155124664307,0.47719916701316833,45.33308912610368,1.9381528740904157,0.2734371003133936,0.022023020462936936,0.022023020462936936,0.022023020462936936,45.22786589104598,2.765464244722172,0.018350122183285418,0.10522323505770004,-0.8273113706317563,0.25508697813010817,0.8339760387280939,0.8721154737671803,0.0638895034790039
1790082289.4132833,1790082289.531064,1790082289.5848334,1790082289.5848866,front_rgbd_red_sphere,True,True,True,,34.4,34.5,1790082289.430729,1790082289.531064,1790082289.4132833,1790082289.513275,1790082289.4132833,0.10000000000000142,1790082288.508173,1790082289.5082848,1790082289.5082848,1790082289.5082848,1790082289.5082848,1790082289.5082848,1790082288.508173,1790082289.5082848,1790082288.508173,1790082289.5082848,1790082255.0132833,GAZEBO_CLOCK_SYSTEM_INTERPOLATION,MAPPED_EXACT,0,34.5,1790082289.513275,0.0026094913482666016,0.0,RGB,0.0,1,1,0,DIRECT_TIMESTAMP,TERMINAL_APPROACH,MID,STRAIGHT,1.0,360,1.0,6.8627400398254395,0.4886915683746338,45.508755770459075,1.790350287473839,0.29503357971021155,0.022090103476988417,0.022090103476988417,0.022090103476988417,45.364378719667485,2.6298909750437165,0.021809740724036485,0.14437705079159002,-0.8395406875698774,0.2732238389861751,0.8518646012604233,0.8946086099914997,0.11778068542480469
1790082289.5652702,1790082289.628993,1790082289.6843228,1790082289.6843736,front_rgbd_red_sphere,True,True,True,,34.552,34.6,1790082289.587295,1790082289.628993,1790082289.5652702,1790082289.6132846,1790082289.5652702,0.04800000000000182,1790082288.608285,1790082289.604388,1790082289.604388,1790082289.604388,1790082289.608388,1790082289.608388,1790082288.604285,1790082289.604388,1790082288.608285,1790082289.608388,1790082255.0132701,GAZEBO_CLOCK_SYSTEM_INTERPOLATION,MAPPED_EXACT,0,34.6,1790082289.6132846,0.0034224987030029297,0.0,RGB,0.0,1,1,0,DIRECT_TIMESTAMP,TERMINAL_APPROACH,MID,STRAIGHT,1.0,379,1.0,6.768895626068115,0.5106835961341858,45.916176361038126,1.4130889731552716,0.31562046220209355,0.02181202817980283,0.02181202817980283,0.02181202817980283,45.79417832073698,2.202462387092423,0.03180036353051956,0.12199804030114336,-0.7893734139371515,0.283820098671574,0.7987452087293626,0.8476719630128479,0.06372284889221191
1790082289.6652741,1790082289.6855955,1790082289.7859695,1790082289.7859979,front_rgbd_red_sphere,True,True,True,,34.652,34.652,1790082289.6855955,1790082289.6802912,1790082289.6652741,1790082289.6652741,1790082289.6652741,0.0,1790082288.7082849,1790082289.7083879,1790082289.7083879,1790082289.7083879,1790082289.7083879,1790082289.7083879,1790082288.7082849,1790082289.7083879,1790082288.7082849,1790082289.7083879,1790082255.0132742,GAZEBO_CLOCK_SYSTEM_INTERPOLATION,MAPPED_EXACT,0,34.652,1790082289.6652741,0.0026197433471679688,0.0,RGB,0.0,1,1,0,DIRECT_TIMESTAMP,TERMINAL_APPROACH,MID,STRAIGHT,1.0,382,1.0,6.7361063957214355,0.5038942098617554,46.1925730762568,1.1338214398511104,0.36468771286074114,0.021715283141161047,0.021715283141161047,0.021715283141161047,46.07884963680055,1.9189300724077027,0.03746313476562667,0.11372343945625119,-0.7851086325565924,0.32722457809511446,0.7933023292519958,0.8581401459587866,0.020321369171142578
1790082289.813284,1790082289.8804078,1790082289.9850414,1790082289.9850905,front_rgbd_red_sphere,True,True,True,,34.8,34.852,1790082289.8310013,1790082289.8804078,1790082289.813284,1790082289.8652885,1790082289.813284,0.0519999999999996,1790082288.928285,1790082289.924388,1790082289.924388,1790082289.924388,1790082289.9283879,1790082289.9283879,1790082288.924285,1790082289.924388,1790082288.928285,1790082289.9283879,1790082255.013284,GAZEBO_CLOCK_SYSTEM_INTERPOLATION,MAPPED_EXACT,0,34.852,1790082289.8652885,0.0025894641876220703,0.0,RGB,0.0,1,1,0,DIRECT_TIMESTAMP,TERMINAL_APPROACH,MID,STRAIGHT,1.0,379,1.0,6.620534896850586,0.48196470737457275,46.611560307478456,0.7170311477332691,0.37168116621475816,0.02137600449161463,0.02137600449161463,0.02137600449161463,46.49810568891341,1.5008337223229562,0.04408515543118443,0.11345461856504357,-0.783802574589687,0.32759601078357375,0.791971228269791,0.8570516744563731,0.0671238899230957
1790082290.0132835,1790082290.0799072,1790082290.0836492,1790082290.0836828,front_rgbd_red_sphere,True,True,True,,35.0,35.052,1790082290.028937,1790082290.0799072,1790082290.0132835,1790082290.0652912,1790082290.0132835,0.0519999999999996,1790082289.028285,1790082290.028388,1790082290.028388,1790082290.028388,1790082290.028388,1790082290.028388,1790082289.028285,1790082290.028388,1790082289.028285,1790082290.028388,1790082255.0132835,GAZEBO_CLOCK_SYSTEM_INTERPOLATION,MAPPED_EXACT,0,35.052,1790082290.0652912,0.003034830093383789,0.0,RGB,0.0,1,1,0,DIRECT_TIMESTAMP,TERMINAL_APPROACH,MID,STRAIGHT,1.0,401,1.0,6.453427314758301,0.48250994086265564,47.23790292970638,0.09637617623682226,0.3396772542515248,0.02089015628564282,0.02089015628564282,0.02089015628564282,47.0643335589543,0.9354094640037584,0.04921210710176353,0.17356937075207668,-0.8390332877669361,0.29046514714976124,0.8567982168773848,0.9046950791028978,0.06662368774414062
1790082290.2132773,1790082290.2325337,1790082290.2842743,1790082290.2843053,front_rgbd_red_sphere,True,True,True,,35.2,35.2,1790082290.2325337,1790082290.229566,1790082290.2132773,1790082290.2132773,1790082290.2132773,0.0,1790082289.2282848,1790082290.2283878,1790082290.2283878,1790082290.2283878,1790082290.2283878,1790082290.2283878,1790082289.2282848,1790082290.2283878,1790082289.2282848,1790082290.2283878,1790082255.0132773,GAZEBO_CLOCK_SYSTEM_INTERPOLATION,MAPPED_EXACT,0,35.2,1790082290.2132773,0.0026962757110595703,0.0,RGB,0.0,1,1,0,DIRECT_TIMESTAMP,TERMINAL_APPROACH,MID,STRAIGHT,1.0,421,1.0,6.237385272979736,0.4588245749473572,47.770443946353694,-0.411869203981182,0.46029463836952994,0.02027031393550037,0.02027031393550037,0.02027031393550037,47.63008723996307,0.3698965985610473,0.04952059191165455,0.14035670639062658,-0.7817658025422293,0.4107740464578754,0.7942655570105759,0.8941996937467028,0.0192563533782959
1790082290.2652786,1790082290.3369455,1790082290.385819,1790082290.3858676,front_rgbd_red_sphere,True,True,True,,35.252,35.3,1790082290.2957625,1790082290.3369455,1790082290.2652786,1790082290.3132782,1790082290.2652786,0.047999999999994714,1790082289.328285,1790082290.324388,1790082290.324388,1790082290.324388,1790082290.328388,1790082290.328388,1790082289.324285,1790082290.324388,1790082289.328285,1790082290.328388,1790082255.0132785,GAZEBO_CLOCK_SYSTEM_INTERPOLATION,MAPPED_EXACT,0,35.3,1790082290.3132782,0.0025873184204101562,0.0,RGB,0.0,1,1,0,DIRECT_TIMESTAMP,TERMINAL_APPROACH,MID,STRAIGHT,1.0,420,1.0,6.115316867828369,0.443552166223526,47.91747821520322,-0.5639956117027549,0.39045961689515624,0.019924217300681092,0.019924217300681092,0.019924217300681092,47.77714496958949,0.22285125900328084,0.048792026008946804,0.14033324561372496,-0.7868468707060358,0.34166759088620946,0.7992630466650907,0.869228485742586,0.07166695594787598
1790082290.3667371,1790082290.4302444,1790082290.4849184,1790082290.4849758,front_rgbd_red_sphere,True,True,True,,35.352,35.4,1790082290.3926353,1790082290.4302444,1790082290.3667371,1790082290.4132733,1790082290.3667371,0.04800000000000182,1790082289.428285,1790082290.4283879,1790082290.4283879,1790082290.4283879,1790082290.4283879,1790082290.4283879,1790082289.428285,1790082290.4283879,1790082289.428285,1790082290.4283879,1790082255.0147371,GAZEBO_CLOCK_SYSTEM_INTERPOLATION,MAPPED_EXACT,0,35.4,1790082290.4132733,0.0025599002838134766,0.0,RGB,0.0,1,1,0,DIRECT_TIMESTAMP,TERMINAL_APPROACH,MID,STRAIGHT,1.0,426,1.0,5.992146015167236,0.41808757185935974,48.19805598121791,-0.8134889032594779,0.48136201909414483,0.019578015415456444,0.019578015415456444,0.019578015415456444,48.06409107670528,-0.06409078823677486,0.04644745334870428,0.13396490451263077,-0.749398115022703,0.4349145657454406,0.7612779587251024,0.876752422259673,0.0635073184967041
1790082290.4132733,1790082290.5455146,1790082290.5846148,1790082290.5846543,front_rgbd_red_sphere,True,True,True,,35.4,35.5,1790082290.432436,1790082290.5455146,1790082290.4132733,1790082290.5132785,1790082290.4132733,0.10000000000000142,1790082289.5082848,1790082290.516388,1790082290.516388,1790082290.516388,1790082290.520388,1790082290.520388,1790082289.5082848,1790082290.516388,1790082289.5082848,1790082290.520388,1790082255.0132732,GAZEBO_CLOCK_SYSTEM_INTERPOLATION,MAPPED_EXACT,0,35.5,1790082290.5132785,0.0025458335876464844,0.0,RGB,0.0,1,1,0,DIRECT_TIMESTAMP,TERMINAL_APPROACH,MID,STRAIGHT,1.0,424,1.0,5.787416934967041,0.39328208565711975,48.30298557125991,-0.9212532825860653,0.3404857279602798,0.019009286587463228,0.019009286587463228,0.019009286587463228,48.19573989669132,-0.19573730226164038,0.04498213263684518,0.10724567456858836,-0.7255159803244249,0.2955035953234346,0.7333996675890867,0.7906942817985084,0.13224124908447266
1790082290.6132774,1790082290.6798809,1790082290.6836057,1790082290.6836414,front_rgbd_red_sphere,True,True,True,,35.6,35.652,1790082290.6325464,1790082290.6798809,1790082290.6132774,1790082290.6652849,1790082290.6132774,0.0519999999999996,1790082289.608388,1790082290.620492,1790082290.620492,1790082290.620492,1790082290.620492,1790082290.620492,1790082289.604388,1790082290.620492,1790082289.608388,1790082290.620492,1790082255.0132775,GAZEBO_CLOCK_SYSTEM_INTERPOLATION,MAPPED_EXACT,0,35.652,1790082290.6652849,0.00301361083984375,0.0,RGB,0.0,1,1,0,DIRECT_TIMESTAMP,TERMINAL_APPROACH,MID,STRAIGHT,1.0,466,1.0,5.493926525115967,0.37350791692733765,48.93532307546059,-1.4860534898420714,0.4175389479155945,0.018208604828030925,0.018208604828030925,0.018208604828030925,48.76143879203916,-0.7612999812695566,0.03604158378069516,0.1738842834214296,-0.7247535085725149,0.3814973641348993,0.7453209994419548,0.837283483087437,0.06660342216491699
1790082290.6652849,1790082290.73135,1790082290.7869136,1790082290.7869594,front_rgbd_red_sphere,True,True,True,,35.652,35.7,1790082290.6843724,1790082290.73135,1790082290.6652849,1790082290.7132752,1790082290.6652849,0.04800000000000182,1790082289.7083879,1790082290.716492,1790082290.716492,1790082290.716492,1790082290.720492,1790082290.720492,1790082289.7083879,1790082290.716492,1790082289.7083879,1790082290.720492,1790082255.013285,GAZEBO_CLOCK_SYSTEM_INTERPOLATION,MAPPED_EXACT,0,35.7,1790082290.7132752,0.0025815963745117188,0.0,RGB,0.0,1,1,0,DIRECT_TIMESTAMP,TERMINAL_APPROACH,MID,STRAIGHT,1.0,480,1.0,5.397251605987549,0.3611314594745636,49.09451876118012,-1.6490520701736011,0.4139089662144602,0.017948635075871217,0.017948635075871217,0.017948635075871217,48.90855744542609,-0.9083214737175914,0.033091760364982806,0.18596131575402808,-0.7407305964560097,0.3808172058494774,0.763716850333319,0.8533962571713379,0.06606507301330566
1790082290.765304,1790082290.8302953,1790082290.8831706,1790082290.883214,front_rgbd_red_sphere,True,True,True,,35.752,35.8,1790082290.7881584,1790082290.8302953,1790082290.765304,1790082290.8132834,1790082290.765304,0.047999999999994714,1790082289.808388,1790082290.820492,1790082290.820492,1790082290.820492,1790082290.820492,1790082290.820492,1790082289.8043878,1790082290.820492,1790082289.808388,1790082290.820492,1790082255.013304,GAZEBO_CLOCK_SYSTEM_INTERPOLATION,MAPPED_EXACT,0,35.8,1790082290.8132834,0.002518892288208008,0.0,RGB,0.0,1,1,0,DIRECT_TIMESTAMP,TERMINAL_APPROACH,MID,STRAIGHT,1.0,498,1.0,5.170802593231201,0.3357275724411011,49.40251761958217,-1.923435128600175,0.3920129692469337,0.0173470040911403,0.0173470040911403,0.0173470040911403,49.191389909829056,-1.1908598794314076,0.02682936073197064,0.21112770975311435,-0.7325752491687674,0.36518360851496307,0.7623918975961621,0.8453404482504588,0.06499123573303223
1790082290.9134204,1790082290.9363022,1790082290.9834917,1790082290.9835184,front_rgbd_red_sphere,True,True,True,,35.9,35.9,1790082290.9363022,1790082290.9338455,1790082290.9134204,1790082290.9134204,1790082290.9134204,0.0,1790082289.908388,1790082290.916492,1790082290.916492,1790082290.916492,1790082290.920492,1790082290.920492,1790082289.908388,1790082290.916492,1790082289.908388,1790082290.920492,1790082255.0134203,GAZEBO_CLOCK_SYSTEM_INTERPOLATION,MAPPED_EXACT,0,35.9,1790082290.9134204,0.0022771358489990234,0.0,RGB,0.0,1,1,0,DIRECT_TIMESTAMP,TERMINAL_APPROACH,NEAR,STRAIGHT,1.0,565,1.0,4.9442830085754395,0.33421581983566284,49.91258268616546,-2.4039490496079625,0.44268773679600276,0.01675544685354925,0.01675544685354925,0.01675544685354925,49.610924492666236,-1.60961582338547,0.016375826782300085,0.30165819349922174,-0.7943332262224925,0.42631191001370267,0.8496840236148067,0.9506338856814325,0.022881746292114258
1790082290.9652832,1790082291.0273306,1790082291.0839708,1790082291.0840073,front_rgbd_red_sphere,True,True,True,,35.952,36.0,1790082290.98952,1790082291.0273306,1790082290.9652832,1790082291.013289,1790082290.9652832,0.04800000000000182,1790082290.0083878,1790082291.0204918,1790082291.0204918,1790082291.0204918,1790082291.0204918,1790082291.0204918,1790082290.0043879,1790082291.0204918,1790082290.0083878,1790082291.0204918,1790082255.0132833,GAZEBO_CLOCK_SYSTEM_INTERPOLATION,MAPPED_EXACT,0,36.0,1790082291.013289,0.002596616744995117,0.0,RGB,0.0,1,1,0,DIRECT_TIMESTAMP,TERMINAL_APPROACH,NEAR,STRAIGHT,1.0,600,1.0,4.712353706359863,0.3381001651287079,50.00625938936503,-2.476998160314422,0.38246477181226807,0.016160393498348188,0.016160393498348188,0.016160393498348188,49.75787884947823,-1.756177422241501,0.01247479753887856,0.24838053988679576,-0.7208207380729212,0.36998997427338953,0.7624142109315953,0.8474479394589797,0.062047481536865234
1790082291.2132874,1790082291.2327473,1790082291.2845078,1790082291.2845902,front_rgbd_red_sphere,True,True,True,,36.2,36.2,1790082291.2327473,1790082291.23007,1790082291.2132874,1790082291.2132874,1790082291.2132874,0.0,1790082290.2283878,1790082291.2244918,1790082291.2244918,1790082291.2244918,1790082291.228492,1790082291.228492,1790082290.204388,1790082291.2244918,1790082290.2283878,1790082291.228492,1790082255.0132873,GAZEBO_CLOCK_SYSTEM_INTERPOLATION,MAPPED_EXACT,0,36.2,1790082291.2132874,0.0026178359985351562,0.0,RGB,0.0,1,1,0,DIRECT_TIMESTAMP,TERMINAL_APPROACH,NEAR,STRAIGHT,1.0,767,1.0,4.236804485321045,0.32991302013397217,50.80458335459777,-3.230977391251468,0.4797492603643981,0.014973938260952316,0.014973938260952316,0.014973938260952316,50.46084083754404,-2.456176813982468,-0.006844505818644273,0.3437425170537267,-0.7748005772690001,0.48659376618304234,0.8476289592544649,0.9773680708182587,0.019459962844848633
1790082291.3652756,1790082291.3963978,1790082291.4842138,1790082291.4842622,front_rgbd_red_sphere,True,True,True,,36.352,36.352,1790082291.3963978,1790082291.394268,1790082291.3652756,1790082291.3652756,1790082291.3652756,0.0,1790082290.4283879,1790082291.424492,1790082291.424492,1790082291.424492,1790082291.4284918,1790082291.4284918,1790082290.404388,1790082291.424492,1790082290.4283879,1790082291.4284918,1790082255.0132756,GAZEBO_CLOCK_SYSTEM_INTERPOLATION,MAPPED_EXACT,0,36.352,1790082291.3652756,0.0025963783264160156,0.0,RGB,0.0,1,1,0,DIRECT_TIMESTAMP,TERMINAL_APPROACH,NEAR,STRAIGHT,1.0,913,1.0,3.857485294342041,0.32642826437950134,51.254704780125834,-3.649352752231619,0.47547781836286035,0.014059995612328992,0.014059995612328992,0.014059995612328992,50.892130946174454,-2.8845563279905515,-0.018357731721085364,0.3625738339513802,-0.7647964242410676,0.4938355500839457,0.8463884188705125,0.9799218877669992,0.031122207641601562
1790082291.4132826,1790082291.5308566,1790082291.5866868,1790082291.5867424,front_rgbd_red_sphere,True,True,True,,36.4,36.5,1790082291.430723,1790082291.5308566,1790082291.4132826,1790082291.5132737,1790082291.4132826,0.10000000000000142,1790082290.520388,1790082291.528492,1790082291.528492,1790082291.528492,1790082291.528492,1790082291.528492,1790082290.516388,1790082291.528492,1790082290.520388,1790082291.528492,1790082255.0132825,GAZEBO_CLOCK_SYSTEM_INTERPOLATION,MAPPED_EXACT,0,36.5,1790082291.5132737,0.0028824806213378906,0.0,RGB,0.0,1,1,0,DIRECT_TIMESTAMP,TERMINAL_APPROACH,NEAR,STRAIGHT,1.0,951,1.0,3.493511199951172,0.31483736634254456,51.28297088266916,-3.658273270183856,0.28357677616060345,0.013210080013766933,0.013210080013766933,0.013210080013766933,51.028533607436586,-3.019837254450155,-0.021812026470514057,0.25443727523257564,-0.638436015733701,0.3053888026311175,0.6872691417586708,0.7520646208845139,0.11757397651672363
1790082291.5652707,1790082291.5890377,1790082291.683644,1790082291.6836789,front_rgbd_red_sphere,True,True,True,,36.552,36.552,1790082291.5880249,1790082291.5890377,1790082291.5652707,1790082291.5652707,1790082291.5652707,0.0,1790082290.620492,1790082291.6246,1790082291.6246,1790082291.6246,1790082291.6286,1790082291.6286,1790082290.620492,1790082291.6246,1790082290.620492,1790082291.6286,1790082255.0132706,GAZEBO_CLOCK_SYSTEM_INTERPOLATION,MAPPED_EXACT,0,36.552,1790082291.5652707,0.0025682449340820312,0.0,RGB,0.0,1,1,0,DIRECT_TIMESTAMP,TERMINAL_APPROACH,NEAR,STRAIGHT,1.0,1192,1.0,3.378830909729004,0.3296259343624115,51.87499932936057,-4.236196551105261,0.3997480938726175,0.012947779081811231,0.012947779081811231,0.012947779081811231,51.4551459676077,-3.4422280478068576,-0.031715212325351544,0.419853361752871,-0.793968503298403,0.431463306197969,0.8981441029172843,0.9964052459719267,0.02376699447631836
1790082291.6132846,1790082291.6845157,1790082291.7848513,1790082291.7848926,front_rgbd_red_sphere,True,True,True,,36.6,36.652,1790082291.6288116,1790082291.6845157,1790082291.6132846,1790082291.6653259,1790082291.6132846,0.0519999999999996,1790082290.720492,1790082291.7245998,1790082291.7245998,1790082291.7245998,1790082291.7245998,1790082291.7245998,1790082290.716492,1790082291.7245998,1790082290.720492,1790082291.7245998,1790082255.0132847,GAZEBO_CLOCK_SYSTEM_INTERPOLATION,MAPPED_EXACT,0,36.652,1790082291.6653259,0.002568483352661133,0.0,RGB,0.0,1,1,0,DIRECT_TIMESTAMP,TERMINAL_APPROACH,NEAR,STRAIGHT,1.0,1279,1.0,3.1452395915985107,0.34209761023521423,51.93483770476719,-4.2721631585568,0.36829722192683795,0.012421636659254887,0.012421636659254887,0.012421636659254887,51.59713654302777,-3.5825578843198285,-0.03464438447037418,0.33770116173941744,-0.6896052742369712,0.4029416063972121,0.7678525306955759,0.8671559531373616,0.07123112678527832
1790082291.7652872,1790082291.8292139,1790082291.884623,1790082291.8846755,front_rgbd_red_sphere,True,True,True,,36.752,36.8,1790082291.7896569,1790082291.8292139,1790082291.7652872,1790082291.8132904,1790082291.7652872,0.047999999999994714,1790082290.820492,1790082291.8206,1790082291.8206,1790082291.8206,1790082291.8246,1790082291.8246,1790082290.820492,1790082291.8206,1790082290.820492,1790082291.8246,1790082255.013287,GAZEBO_CLOCK_SYSTEM_INTERPOLATION,MAPPED_EXACT,0,36.8,1790082291.8132904,0.002897977828979492,0.0,RGB,0.0,1,1,0,DIRECT_TIMESTAMP,TERMINAL_APPROACH,NEAR,STRAIGHT,1.0,1532,1.0,2.8217852115631104,0.30456972122192383,52.380007468868754,-4.6818199959322175,0.3670202172699107,0.011711103372214707,0.011711103372214707,0.011711103372214707,52.02966058723892,-4.009153400528506,-0.04217573125666185,0.3503468816298323,-0.6726665954037117,0.40919594852657254,0.7584347605692716,0.8617799082888449,0.06392669677734375
1790082291.8652904,1790082291.8856442,1790082291.9868968,1790082291.986953,front_rgbd_red_sphere,True,True,True,,36.852,36.852,1790082291.8856442,1790082291.8798227,1790082291.8652904,1790082291.8652904,1790082291.8652904,0.0,1790082290.920492,1790082291.9206,1790082291.9206,1790082291.9206,1790082291.9246,1790082291.9246,1790082290.916492,1790082291.9206,1790082290.920492,1790082291.9246,1790082255.0132904,GAZEBO_CLOCK_SYSTEM_INTERPOLATION,MAPPED_EXACT,0,36.852,1790082291.8652904,0.002587556838989258,0.0,RGB,0.0,1,1,0,DIRECT_TIMESTAMP,TERMINAL_APPROACH,NEAR,STRAIGHT,1.0,1713,1.0,2.6986186504364014,0.2606797516345978,52.71341473490045,-5.003102132008909,0.4431116784896763,0.011446043860204346,0.011446043860204346,0.011446043860204346,52.31522091668979,-4.29002929670129,-0.04585776572015553,0.39819381821065747,-0.713072835307619,0.48896944420983185,0.8167197715953918,0.951904565954855,0.02035379409790039
1790082292.0132754,1790082292.0303042,1790082292.08355,1790082292.0835972,front_rgbd_red_sphere,True,True,True,,37.0,37.0,1790082292.0303042,1790082292.0286844,1790082292.0132754,1790082292.0132754,1790082292.0132754,0.0,1790082291.0204918,1790082292.0246,1790082292.0246,1790082292.0246,1790082292.0246,1790082292.0246,1790082291.0204918,1790082292.0246,1790082291.0204918,1790082292.0246,1790082255.0132754,GAZEBO_CLOCK_SYSTEM_INTERPOLATION,MAPPED_EXACT,0,37.0,1790082292.0132754,0.002552509307861328,0.0,RGB,0.0,1,1,0,DIRECT_TIMESTAMP,TERMINAL_APPROACH,NEAR,STRAIGHT,1.0,2038,1.0,2.3940539360046387,0.18313191831111908,53.14847735860814,-5.40021031429507,0.3886856487118247,0.010803635969954073,0.010803635969954073,0.010803635969954073,52.73792059099985,-4.704561549235429,-0.04921200180557196,0.4105567676082913,-0.6956487650596417,0.43789765051739665,0.8077648567237702,0.9188244751238559,0.01702880859375
1790082292.0652776,1790082292.0873675,1790082292.1849253,1790082292.1850252,front_rgbd_red_sphere,True,True,True,,37.052,37.052,1790082292.0873675,1790082292.0857744,1790082292.0652776,1790082292.0652776,1790082292.0652776,0.0,1790082291.120492,1790082292.1286,1790082292.1286,1790082292.1286,1790082292.1286,1790082292.1286,1790082291.116492,1790082292.1286,1790082291.120492,1790082292.1286,1790082255.0132775,GAZEBO_CLOCK_SYSTEM_INTERPOLATION,MAPPED_EXACT,0,37.052,1790082292.0652776,0.0025758743286132812,0.0,RGB,0.0,1,1,0,DIRECT_TIMESTAMP,TERMINAL_APPROACH,NEAR,STRAIGHT,1.0,2211,1.0,2.282770872116089,0.1640424281358719,53.302372919325144,-5.532957666900983,0.37328225018453237,0.010573537526860141,0.010573537526860141,0.010573537526860141,52.8866062248217,-4.849995795331561,-0.04976004118172425,0.4157666945034464,-0.6829618715694217,0.4230422913662566,0.7995616688385764,0.9045792627295532,0.02208995819091797
1790082292.1652737,1790082292.1883113,1790082292.2848501,1790082292.284921,front_rgbd_red_sphere,True,True,True,,37.152,37.152,1790082292.1883113,1790082292.1869745,1790082292.1652737,1790082292.1652737,1790082292.1652737,0.0,1790082291.2084918,1790082292.2206,1790082292.2206,1790082292.2206,1790082292.2245998,1790082292.2245998,1790082291.2084918,1790082292.2206,1790082291.2084918,1790082292.2245998,1790082255.0132737,GAZEBO_CLOCK_SYSTEM_INTERPOLATION,MAPPED_EXACT,0,37.152,1790082292.1652737,0.0026078224182128906,0.0,RGB,0.0,1,1,0,DIRECT_TIMESTAMP,TERMINAL_APPROACH,NEAR,STRAIGHT,1.0,2594,1.0,2.087096929550171,0.13114364445209503,53.59677500896634,-5.8000957739609555,0.3626336495809492,0.010174952440823221,0.010174952440823221,0.010174952440823221,53.172550855238875,-5.129111638028436,-0.04989083802206712,0.42422415372746514,-0.6709841359325193,0.4125244876030163,0.7938424549486462,0.8946296977806094,0.02303767204284668
1790082292.2652698,1790082292.2883868,1790082292.3890648,1790082292.3891165,front_rgbd_red_sphere,True,True,True,,37.252,37.252,1790082292.2883868,1790082292.2872164,1790082292.2652698,1790082292.2652698,1790082292.2652698,0.0,1790082291.308492,1790082292.3165998,1790082292.3165998,1790082292.3165998,1790082292.3206,1790082292.3206,1790082291.304492,1790082292.3165998,1790082291.308492,1790082292.3206,1790082255.0132697,GAZEBO_CLOCK_SYSTEM_INTERPOLATION,MAPPED_EXACT,0,37.252,1790082292.2652698,0.003759145736694336,0.0,RGB,0.0,1,1,0,DIRECT_TIMESTAMP,TERMINAL_APPROACH,NEAR,STRAIGHT,1.0,3109,1.0,1.897097110748291,0.10901078581809998,53.884577953720935,-6.060346254291525,0.3143791005033754,0.009795253180520354,0.009795253180520354,0.009795253180520354,53.459244979463605,-5.408151521138258,-0.04879347306839047,0.42533297425732997,-0.6521947331532667,0.3631725735717659,0.7786309195912061,0.8591626313674187,0.0231170654296875
0.0,1790082292.3917065,1790082292.4801161,1790082292.4801161,front_rgbd_red_sphere,False,False,False,DEPTH_FRAME_UNMATCHED,37.352,36.952,1790082292.3917065,1790082291.988276,1790082292.2652698,1790082292.2652698,1790082292.2652698,0.3999999999999986,1790082291.308492,1790082292.3165998,1790082292.3165998,1790082292.3165998,1790082292.3206,1790082292.3206,1790082291.304492,1790082292.3165998,1790082291.308492,1790082292.3206,1790082255.0132697,GAZEBO_CLOCK_SYSTEM_INTERPOLATION,MAPPED_EXACT,0,37.252,1790082292.2652698,0.003759145736694336,0.0,RGB,0.0,1,1,0,DIRECT_TIMESTAMP,TERMINAL_APPROACH,UNKNOWN,STRAIGHT,0.0,0,0.0,nan,nan,nan,nan,nan,nan,nan,nan,nan,nan,nan,nan,nan,nan,nan,nan,nan
1790082292.3652852,1790082292.4831102,1790082292.5848186,1790082292.5848935,front_rgbd_red_sphere,True,True,True,,37.352,37.452,1790082292.3917065,1790082292.4831102,1790082292.3652852,1790082292.4652796,1790082292.3652852,0.10000000000000142,1790082291.508492,1790082292.5205998,1790082292.5205998,1790082292.5205998,1790082292.5205998,1790082292.5205998,1790082291.5044918,1790082292.5205998,1790082291.508492,1790082292.5205998,1790082255.0132852,GAZEBO_CLOCK_SYSTEM_INTERPOLATION,MAPPED_EXACT,0,37.452,1790082292.4652796,0.002525806427001953,0.0,RGB,0.0,1,1,0,DIRECT_TIMESTAMP,TERMINAL_APPROACH,NEAR,STRAIGHT,1.0,3828,1.0,1.3297353982925415,0.10567530244588852,53.91236743130696,-6.039548579027903,0.20674007430542035,0.008704396356681096,0.008704396356681096,0.008704396356681096,53.74655499815399,-5.686933032671031,-0.04649188264170134,0.165812433152972,-0.35261554635687187,0.2532319569471217,0.38965559988362036,0.46471271828941046,0.11782503128051758
1790082292.5652776,1790082292.6316202,1790082292.6854372,1790082292.6855056,front_rgbd_red_sphere,True,True,True,,37.552,37.6,1790082292.591182,1790082292.6316202,1790082292.5652776,1790082292.6139066,1790082292.5652776,0.04800000000000182,1790082291.6086,1790082292.616703,1790082292.616703,1790082292.616703,1790082292.620703,1790082292.620703,1790082291.6086,1790082292.616703,1790082291.6086,1790082292.620703,1790082255.0132775,GAZEBO_CLOCK_SYSTEM_INTERPOLATION,MAPPED_EXACT,0,37.6,1790082292.6139066,0.0025911331176757812,0.0,RGB,0.0,1,1,0,DIRECT_TIMESTAMP,TERMINAL_APPROACH,NEAR,STRAIGHT,1.0,6317,1.0,1.2820364236831665,0.09234015643596649,54.711746462558295,-6.800044290059529,0.25527122605482594,0.008615619940078308,0.008615619940078308,0.008615619940078308,54.321932733308564,-6.2424635757683875,-0.03854548321509677,0.389813729249731,-0.5575807142911415,0.2938167092699227,0.680331534225044,0.7410662960270211,0.06634259223937988
1790082292.665272,1790082292.6879416,1790082292.7872164,1790082292.7872744,front_rgbd_red_sphere,True,True,True,,37.652,37.652,1790082292.6871138,1790082292.6879416,1790082292.665272,1790082292.665272,1790082292.665272,0.0,1790082291.7045999,1790082292.712703,1790082292.712703,1790082292.712703,1790082292.716703,1790082292.716703,1790082291.7045999,1790082292.712703,1790082291.7045999,1790082292.716703,1790082255.013272,GAZEBO_CLOCK_SYSTEM_INTERPOLATION,MAPPED_EXACT,0,37.652,1790082292.665272,0.002598285675048828,0.0,RGB,0.0,1,1,0,DIRECT_TIMESTAMP,TERMINAL_APPROACH,NEAR,STRAIGHT,1.0,8673,1.0,1.1833854913711548,0.11990626901388168,55.04990644318384,-7.1135529053914155,0.2957057204541531,0.008433456801315208,0.008433456801315208,0.008433456801315208,54.61043470347729,-6.519529497826242,-0.03309285118911342,0.43947173970655484,-0.5940234075651736,0.32879857164326654,0.7389175994223214,0.8087692621821743,0.022669553756713867
1790082292.7652726,1790082292.838013,1790082292.883974,1790082292.884007,front_rgbd_red_sphere,True,True,True,,37.752,37.8,1790082292.7904558,1790082292.838013,1790082292.7652726,1790082292.8186467,1790082292.7652726,0.047999999999994714,1790082291.8246,1790082292.820703,1790082292.820703,1790082292.820703,1790082292.824703,1790082292.824703,1790082291.8206,1790082292.820703,1790082291.8246,1790082292.824703,1790082255.0132725,GAZEBO_CLOCK_SYSTEM_INTERPOLATION,MAPPED_EXACT,0,37.8,1790082292.8186467,0.0011224746704101562,0.0,RGB,0.0,1,1,0,DIRECT_TIMESTAMP,TERMINAL_APPROACH,NEAR,STRAIGHT,1.0,12528,1.0,0.9491207003593445,0.15194901823997498,55.29738175365876,-7.327484023015692,0.2825318603116119,0.008008676097139022,0.008008676097139022,0.008008676097139022,54.89907906114066,-6.795674201725255,-0.02683321273067154,0.3983026925181008,-0.5318098212904365,0.30936507304228344,0.6644296207185038,0.7329211890146117,0.07274031639099121
1790082292.8706355,1790082292.9503899,1790082292.9845119,1790082292.984549,front_rgbd_red_sphere,True,True,True,,37.852,37.9,1790082292.8939238,1790082292.9503899,1790082292.8706355,1790082292.918639,1790082292.8706355,0.04800000000000182,1790082291.9246,1790082292.924703,1790082292.924703,1790082292.924703,1790082292.924703,1790082292.924703,1790082291.9206,1790082292.924703,1790082291.9246,1790082292.924703,1790082255.0186355,GAZEBO_CLOCK_SYSTEM_INTERPOLATION,MAPPED_EXACT,0,37.9,1790082292.918639,0.0011355876922607422,0.0,RGB,0.0,1,1,0,DIRECT_TIMESTAMP,TERMINAL_APPROACH,NEAR,STRAIGHT,1.0,19039,1.0,0.8015143871307373,0.1837039440870285,55.61637145213427,-7.6087490946586955,0.2951270535652796,0.0077466655029365524,0.0077466655029365524,0.0077466655029365524,55.204415281425895,-7.086573047080868,-0.01950890471936939,0.41195617070837187,-0.5221760475778279,0.31463595828464896,0.6651133070753488,0.7357795169032681,0.07975435256958008
1790082292.918639,1790082292.9901676,1790082293.0845551,1790082293.0845997,front_rgbd_red_sphere,True,True,True,,37.9,37.952,1790082292.954861,1790082292.9901676,1790082292.918639,1790082292.9706426,1790082292.918639,0.0519999999999996,1790082292.0246,1790082293.0207028,1790082293.0207028,1790082293.0207028,1790082293.024703,1790082293.024703,1790082292.0005999,1790082293.0207028,1790082292.0246,1790082293.024703,1790082255.0186388,GAZEBO_CLOCK_SYSTEM_INTERPOLATION,MAPPED_EXACT,0,37.952,1790082292.9706426,0.0012140274047851562,0.0,RGB,0.0,1,1,0,DIRECT_TIMESTAMP,TERMINAL_APPROACH,NEAR,STRAIGHT,1.0,23121,1.0,0.7175179123878479,0.1955951303243637,55.74295850742625,-7.71825589254786,0.3096239267716504,0.007599511804577096,0.007599511804577096,0.007599511804577096,55.34378406920992,-7.218934053958234,-0.015985204674862447,0.3991744382163347,-0.4993218385896254,0.3256091314465128,0.6392671824971546,0.7174146897709879,0.07152867317199707
1790082293.070644,1790082293.1322124,1790082293.1850622,1790082293.1851203,front_rgbd_red_sphere,True,True,True,,38.052,38.1,1790082293.090045,1790082293.1322124,1790082293.070644,1790082293.1186488,1790082293.070644,0.04800000000000182,1790082292.1046,1790082293.124703,1790082293.124703,1790082293.124703,1790082293.124703,1790082293.124703,1790082292.1046,1790082293.124703,1790082292.1046,1790082293.124703,1790082255.0186439,GAZEBO_CLOCK_SYSTEM_INTERPOLATION,MAPPED_EXACT,0,38.1,1790082293.1186488,0.001214742660522461,0.0,RGB,0.0,1,1,0,DIRECT_TIMESTAMP,TERMINAL_APPROACH,NEAR,STRAIGHT,1.0,55632,1.0,0.5221666693687439,0.22360260784626007,56.20716726355912,-8.11662879681139,0.3141210509875047,0.00726273251638388,0.00726273251638388,0.00726273251638388,55.78570449961938,-7.636770569002544,-0.0043288731894107,0.42146276393974347,-0.47985822780884657,0.3184499241769154,0.6386664075897329,0.7136561737922947,0.061568498611450195
