time,mission_id,phase,uav_x,uav_y,uav_z,uav_vx,uav_vy,uav_vz,target_x,target_y,target_z,target_vx,target_vy,target_vz,distance,horizontal_distance,vertical_error,relative_speed,closing_speed,controller_status,plan_id,prediction_age,trajectory_age,tracker_rejection_reason,plan_prediction_sequence_id,latest_prediction_sequence_id,planner_failure_reason,planner_failure_detail,planner_source_age_at_publish,planner_completion_to_publish_delay,selected_t_go,contact_stamp,remaining_t_go,terminal_mode,planned_capture_margin,target_yaw,sea_safety_state,sea_safety_margin,gazebo_real_time_factor,front_rgb_hz,front_depth_hz,down_rgb_hz,down_depth_hz,rgbd_localizer_compute_time,front_monitor_compute_time,down_monitor_compute_time,tracker_hz,tracker_callback_time,planner_compute_time,prediction_0p5_error,prediction_1p0_error,prediction_2p0_error
0.08842229843139648,1,FAR_GUIDANCE,15.805739402770996,15.194974899291992,-4.900575637817383,5.827098846435547,3.1076202392578125,-0.05457006022334099,26.366204042238387,18.196642022135972,-0.02879620037752847,3.5871911770826204,-1.7697536982851783,-0.23121434836095275,12.011147064492441,10.978771284520121,4.871779437439854,5.370024776328441,3.2599126904751543,FAR_GUIDANCE,0,0.05277872085571289,0.0,,0,324,,,0.0,0.0,0.0,0.0,0.0,False,0.0,0.2765502317511723,SAFE,4.8305756378173825,0.9996626377105713,20.054553985595703,20.046531677246094,19.870580673217773,19.774490356445312,0.004387049935758114,0.0027974159456789494,0.0027675279416143894,19.77242149823928,0.0006370540068019181,0.0,,,
0.12861895561218262,1,FAR_GUIDANCE,16.037351608276367,15.309831619262695,-4.903061389923096,5.864802360534668,3.0376152992248535,-0.05365310236811638,26.5100827377105,18.124965544636993,-0.038007880662392475,3.57599034763223,-1.7922389243026697,-0.22779704569497466,11.885782345945174,10.844495208501503,4.8650535092607035,5.34756751840784,3.231930198680996,FAR_GUIDANCE,0,0.052947998046875,0.0,,0,325,,,0.0,0.0,0.0,0.0,0.0,False,0.0,0.2598023369320561,SAFE,4.833061389923095,1.0003976821899414,19.88957405090332,19.846525192260742,19.870580673217773,19.774490356445312,0.004387049935758114,0.0027974159456789494,0.0027675279416143894,19.653276480097464,0.0006575339939445257,0.0,,,
0.1899425983428955,1,FAR_GUIDANCE,16.410677720344662,15.488182720033299,-4.907249095246159,5.924389216727799,2.923505824902537,-0.052392684010043246,26.72896700678837,18.01412215342154,-0.05180978843918495,3.5590499359257417,-1.8256953616600378,-0.2211185045256067,11.68001518329368,10.62296869146684,4.855439306806974,5.308315196581794,3.1867841703134876,FAR_GUIDANCE,0,0.05268073081970215,0.0,,0,326,DYNAMIC_LIMIT_HORIZONTAL,DYNAMIC_LIMIT_HORIZONTAL,0.09292316436767578,0.002593994140625,0.0,0.0,0.0,False,0.0,0.2400756656001244,SAFE,4.8372518348693845,1.0003976821899414,19.88957405090332,19.846525192260742,20.271724700927734,20.251142501831055,0.0041817668825387955,0.0027974159456789494,0.0027580810710787773,19.96748813812146,0.0005589960055658594,0.0483098569966387,,,
0.2294783592224121,1,FAR_GUIDANCE,16.59902000427246,15.575029373168945,-4.909403324127197,5.95353889465332,2.865339756011963,-0.05163893103599548,26.86937431003188,17.94142139551324,-0.06041180249807176,3.548278553071176,-1.8464990310012872,-0.21552011312563651,11.601409722360335,10.53944916820826,4.8489915216291255,5.292783682282269,3.15889128660584,FAR_GUIDANCE,0,0.05279278755187988,0.0,,0,327,DYNAMIC_LIMIT_HORIZONTAL,DYNAMIC_LIMIT_HORIZONTAL,0.09292316436767578,0.002593994140625,0.0,0.0,0.0,False,0.0,0.22362421481754158,SAFE,4.839403324127197,1.0004594326019287,19.83745002746582,19.856962203979492,20.271724700927734,20.251142501831055,0.0041817668825387955,0.009323244914412498,0.0027580810710787773,19.81019674152023,0.0014501389960059896,0.0483098569966387,,,
0.2883121967315674,1,FAR_GUIDANCE,16.977872848510742,15.743457794189453,-4.913832664489746,6.011012077331543,2.7469637393951416,-0.0502682700753212,27.0779196354855,17.83188103346982,-0.07286132842340821,3.532381385820072,-1.87676772013503,-0.20593088054011308,11.393307693644605,10.313702377199249,4.840971336066338,5.248498219781384,3.1109624502900686,FAR_GUIDANCE,0,0.051737070083618164,0.0,,0,328,DYNAMIC_LIMIT_HORIZONTAL,DYNAMIC_LIMIT_HORIZONTAL,0.09292316436767578,0.002593994140625,0.0,0.0,0.0,False,0.0,0.20351497205783176,SAFE,4.843832664489746,1.0004594326019287,19.83745002746582,19.856962203979492,19.702579498291016,19.716938018798828,0.0038199969567358494,0.009323244914412498,0.004509008023887873,19.97531127604127,0.0006044920010026544,0.0483098569966387,,,
0.32944512367248535,1,FAR_GUIDANCE,17.21640396118164,15.845182418823242,-4.916694164276123,6.0461201667785645,2.671722412109375,-0.049135129898786545,27.22289775689938,17.754203235941795,-0.0811380088652609,3.5214347463741893,-1.897199624565456,-0.19803076107345363,11.276386029932704,10.186966111847509,4.835556155410862,5.222188713384284,3.077706755421082,FAR_GUIDANCE,0,0.05298018455505371,0.0,,0,329,DYNAMIC_LIMIT_HORIZONTAL,DYNAMIC_LIMIT_HORIZONTAL,0.09292316436767578,0.002593994140625,0.0,0.0,0.0,False,0.0,0.18594268967944005,SAFE,4.846694164276123,0.9986645579338074,19.74802017211914,19.736173629760742,19.702579498291016,19.716938018798828,0.0038199969567358494,0.009323244914412498,0.004509008023887873,19.98113823255489,0.0005596789997071028,0.0483098569966387,,,
0.3900158405303955,1,FAR_GUIDANCE,17.55057110596634,15.981977925669076,-4.920619142261498,6.0940081089325995,2.5648652210997875,-0.04726771621708645,27.43539249949676,17.63869882833531,-0.09277453575788876,3.5055114491314545,-1.9264966856987549,-0.1851467553197792,11.124859624996347,10.022695153067756,4.827844606503609,5.185716668413981,3.028660138047299,FAR_GUIDANCE,0,0.052831411361694336,0.0,,0,330,DYNAMIC_LIMIT_HORIZONTAL,DYNAMIC_LIMIT_HORIZONTAL,0.09292316436767578,0.002593994140625,0.0,0.0,0.0,False,0.0,0.16601289652143558,SAFE,4.850641899108886,0.9986645579338074,19.74802017211914,19.736173629760742,19.91403579711914,19.878427505493164,0.004775865003466606,0.009323244914412498,0.0019652999471873045,19.930073983967766,0.00042063799628522247,0.0483098569966387,,,
0.4299192428588867,1,FAR_GUIDANCE,17.794269561767578,16.077604293823242,-4.923223495483398,6.127923011779785,2.485832452774048,-0.045768652111291885,27.57508626139928,17.56131596539183,-0.09993026477693591,3.4951550120938863,-1.9451930416307832,-0.175561248906407,11.005904471033812,9.892713259573597,4.823293230706462,5.155802594205725,2.99393959859373,FAR_GUIDANCE,0,0.052724599838256836,0.0,,0,331,DYNAMIC_LIMIT_HORIZONTAL,DYNAMIC_LIMIT_HORIZONTAL,0.10833024978637695,0.014114856719970703,0.0,0.0,0.0,False,0.0,0.14806605091094172,SAFE,4.853223495483398,0.9986645579338074,19.546005249023438,20.08050537109375,19.91403579711914,19.878427505493164,0.004775865003466606,0.006087678950279951,0.0019652999471873045,19.87241404021219,0.0006697140051983297,0.05229486800089944,,,
0.48841142654418945,1,FAR_GUIDANCE,18.18368148803711,16.222919464111328,-4.927040100097656,6.180516242980957,2.357374668121338,-0.043404530733823776,27.779473547655257,17.4466312296649,-0.10982367514576873,3.4801213279029324,-1.9719879194141,-0.16045862720849824,10.8065845585648,9.673504832096015,4.817216424951887,5.103843137600557,2.9402624634641326,FAR_GUIDANCE,0,0.05289959907531738,0.0,,0,332,DYNAMIC_LIMIT_HORIZONTAL,DYNAMIC_LIMIT_HORIZONTAL,0.10833024978637695,0.014114856719970703,0.0,0.0,0.0,False,0.0,0.1264833117380011,SAFE,4.857040100097656,0.9986645579338074,19.546005249023438,20.08050537109375,20.025238037109375,19.99915313720703,0.004316415172070265,0.006087678950279951,0.0019652999471873045,19.97362652247783,0.0006787000020267442,0.05229486800089944,,,
0.5285966396331787,1,FAR_GUIDANCE,18.428760528564453,16.30972671508789,-4.929204940795898,6.212409973144531,2.2754926681518555,-0.04149811714887619,27.91884611647526,17.367073647947645,-0.11598618716556769,3.4699836576495797,-1.9897483287242341,-0.1492057940259906,10.69330546522445,9.548806574766314,4.813218753630331,5.071960548053387,2.904071210701513,FAR_GUIDANCE,0,0.05298972129821777,0.0,,0,333,DYNAMIC_LIMIT_HORIZONTAL,DYNAMIC_LIMIT_HORIZONTAL,0.10833024978637695,0.014114856719970703,0.0,0.0,0.0,False,0.0,0.10813954743419218,SAFE,4.859204940795898,0.9129676818847656,20.005416870117188,19.89138412475586,20.025238037109375,19.99915313720703,0.004316415172070265,0.006087678950279951,0.0019652999471873045,19.98590509718002,0.0006094309937907383,0.05229486800089944,0.01655557046984005,,
0.5885899066925049,1,FAR_GUIDANCE,18.72443389892578,16.409650802612305,-4.931529521942139,6.249761581420898,2.1752054691314697,-0.039483364671468735,28.126682530335433,17.246964541818393,-0.1244697352013294,3.4549952052146264,-2.015686515150865,-0.1314568568137105,10.592978684865205,9.439458333225904,4.807059786740809,5.038129994824657,2.8536167917033,FAR_GUIDANCE,0,0.05269265174865723,0.0,,0,334,DYNAMIC_LIMIT_HORIZONTAL,DYNAMIC_LIMIT_HORIZONTAL,0.10833024978637695,0.014114856719970703,0.0,0.0,0.0,False,0.0,0.08849434548404744,SAFE,4.861529521942138,0.9129676818847656,20.005416870117188,19.89138412475586,20.002761840820312,20.11452865600586,0.0042546759359538555,0.006087678950279951,0.00207124394364655,19.995338486308214,0.0005439639935502782,0.05229486800089944,0.01655557046984005,,
0.6298620700836182,1,FAR_GUIDANCE,18.97211456298828,16.489368438720703,-4.933337211608887,6.280125141143799,2.0902178287506104,-0.03818122670054436,28.268949113694966,17.163388427460145,-0.12957313061289216,3.444858580937629,-2.032942158912768,-0.11847018394835393,10.48625695633581,9.32123573398044,4.803764080995995,5.0045610264984814,2.815474167542036,FAR_GUIDANCE,0,0.053557634353637695,0.0,,0,335,DYNAMIC_LIMIT_HORIZONTAL,DYNAMIC_LIMIT_HORIZONTAL,0.11177515983581543,0.009140729904174805,0.0,0.0,0.0,False,0.0,0.06990089431619273,SAFE,4.863337211608886,0.9989957809448242,19.90711784362793,19.943605422973633,20.002761840820312,20.11452865600586,0.0042546759359538555,0.006087678950279951,0.00207124394364655,19.94430518186249,0.0011092929926235229,0.060583616999792866,0.20086820090649715,,
0.6885130405426025,1,FAR_GUIDANCE,19.37078857421875,16.609960556030273,-4.936182498931885,6.326678276062012,1.9506093263626099,-0.03682169318199158,28.470754206346225,17.043433492368017,-0.1360220381594953,3.4306114848126184,-2.056912442462501,-0.09927168384306712,10.29751493038981,9.110283930396378,4.800160460772389,4.9448289746277645,2.7570759222154764,FAR_GUIDANCE,0,0.052820444107055664,0.0,,0,336,DYNAMIC_LIMIT_HORIZONTAL,DYNAMIC_LIMIT_HORIZONTAL,0.11177515983581543,0.009140729904174805,0.0,0.0,0.0,False,0.0,0.047240489184025236,SAFE,4.8661824989318845,0.9989957809448242,19.90711784362793,19.943605422973633,19.77048110961914,19.773584365844727,0.004169852007180452,0.006087678950279951,0.003522668033838272,19.986984219263928,0.0006107619992690161,0.060583616999792866,0.007782746232988442,,
0.7285408973693848,1,FAR_GUIDANCE,19.62150001525879,16.68096351623535,-4.938004493713379,6.354487419128418,1.861556053161621,-0.03571177273988724,28.60758017517387,16.96084891878786,-0.13964476380298355,3.421072706030447,-2.072716899039251,-0.08562908584149886,10.190791361646415,8.9904378357776,4.798359729910396,4.907740547297331,2.7181958265199606,FAR_GUIDANCE,0,0.052884578704833984,0.0,,0,337,DYNAMIC_LIMIT_HORIZONTAL,DYNAMIC_LIMIT_HORIZONTAL,0.11177515983581543,0.009140729904174805,0.0,0.0,0.0,False,0.0,0.028020274517886357,SAFE,4.868004493713379,0.812597393989563,19.97562599182129,19.988088607788086,19.77048110961914,19.773584365844727,0.004169852007180452,0.0029815658926963806,0.003522668033838272,19.98792832425507,0.0005605149926850572,0.060583616999792866,0.0068184137895692725,,
0.7883796691894531,1,FAR_GUIDANCE,19.97433853149414,16.774505615234375,-4.9407057762146,6.391982555389404,1.7337093353271484,-0.034599270671606064,28.81221500031296,16.836024863251136,-0.1442259529253243,3.406937020074921,-2.095892536437506,-0.06466799610389132,10.055747798706921,8.83809057975635,4.796479823289276,4.855641200951054,2.661292078203506,FAR_GUIDANCE,0,0.05140185356140137,0.0,,0,338,DYNAMIC_LIMIT_HORIZONTAL,DYNAMIC_LIMIT_HORIZONTAL,0.11177515983581543,0.009140729904174805,0.0,0.0,0.0,False,0.0,0.006594968280335234,SAFE,4.870705776214599,0.812597393989563,19.97562599182129,19.988088607788086,19.94341278076172,19.968069076538086,0.0067836688831448555,0.0029815658926963806,0.003522668033838272,19.950822614494072,0.0005364499957067892,0.060583616999792866,0.007549926010050218,,
0.8302488327026367,1,FAR_GUIDANCE,20.22760772705078,16.83729362487793,-4.942668437957764,6.417415618896484,1.6408554315567017,-0.03382246941328049,28.95461148571656,16.747887545429464,-0.14656249661302811,3.3972303365337897,-2.1115753996139883,-0.04961943864705376,9.958474795439873,8.72746171866763,4.796105941344735,4.816897946475258,2.6206264168060662,FAR_GUIDANCE,0,0.05294442176818848,0.0,,0,339,DEADLINE_EXCEEDED,DEADLINE_EXCEEDED,0.12294411659240723,0.00022363662719726562,0.0,0.0,0.0,False,0.0,-0.012524579446376638,SAFE,4.872668437957763,0.9992949962615967,19.846569061279297,19.935741424560547,19.94341278076172,19.968069076538086,0.0067836688831448555,0.0029815658926963806,0.003522668033838272,19.988414803412653,0.0006221280054887757,0.08052641899848823,0.009853459979743708,,
0.8791401386260986,1,FAR_GUIDANCE,20.481809616088867,16.896608352661133,-4.9446187019348145,6.441673278808594,1.5465754270553589,-0.03310057148337364,29.120097032433193,16.644411571195068,-0.14854412920844312,3.386058957562741,-2.129442643640107,-0.03184440908448939,9.883619985162674,8.641968103618213,4.796074572726371,4.780155783468395,2.576198822300176,FAR_GUIDANCE,0,0.05289316177368164,0.0,,0,340,DEADLINE_EXCEEDED,DEADLINE_EXCEEDED,0.12294411659240723,0.00022363662719726562,0.0,0.0,0.0,False,0.0,-0.031727094652641785,SAFE,4.874618701934814,0.9992949962615967,19.846569061279297,19.935741424560547,19.534347534179688,19.586101531982422,1.9040991901420057e-05,0.0029815658926963806,0.0030317138880491257,19.984934327322424,0.0008240859897341579,0.08052641899848823,0.012827711217510472,,
0.9391391277313232,1,FAR_GUIDANCE,20.839216232299805,16.973464965820312,-4.947274208068848,6.473509311676025,1.4119688272476196,-0.032006848603487015,29.323198652636428,16.515877175143853,-0.149865111495042,3.372511479835296,-2.1508508567005156,-0.009717696740188082,9.757175735562322,8.496313570882199,4.797409096573806,4.723385275382475,2.518308452067897,FAR_GUIDANCE,0,0.05274200439453125,0.0,,0,341,DEADLINE_EXCEEDED,DEADLINE_EXCEEDED,0.12294411659240723,0.00022363662719726562,0.0,0.0,0.0,False,0.0,-0.054066834305255274,SAFE,4.877274208068847,1.0010160207748413,19.82842445373535,19.790786743164062,19.534347534179688,19.586101531982422,1.9040991901420057e-05,0.0018782829865813255,0.0030317138880491257,20.00190541086879,0.0003993090067524463,0.08052641899848823,0.012827711217510472,,
0.9802525043487549,1,FAR_GUIDANCE,21.095691680908203,17.023923873901367,-4.949162483215332,6.495063304901123,1.313988208770752,-0.031175436452031136,29.46164143216988,16.427079610861156,-0.1498825772876871,3.36340519891388,-2.165048698096124,0.005495689883266687,9.663251312596614,8.387212785840081,4.799279905927645,4.681060249948097,2.4781365360007848,FAR_GUIDANCE,0,0.052776336669921875,0.0,,0,342,DEADLINE_EXCEEDED,DEADLINE_EXCEEDED,0.12294411659240723,0.00022363662719726562,0.0,0.0,0.0,False,0.0,-0.07355556799684582,SAFE,4.879162483215332,1.0010160207748413,19.82842445373535,19.790786743164062,19.617124557495117,19.618865966796875,0.0047236038371920586,0.0018782829865813255,0.0014995660167187452,20.003191804722597,0.0004039959894726053,0.08052641899848823,0.019620821566003532,0.033344523515428784,
1.0401813983917236,1,FAR_GUIDANCE,21.456485748291016,17.088111877441406,-4.951813697814941,6.5233917236328125,1.1741886138916016,-0.030206870287656784,29.662635163351833,16.29693620914797,-0.14896770004843157,3.3503202549320195,-2.185258291595918,0.027589284505036137,9.541183199093515,8.244200819994777,4.80284599776651,4.621429048658164,2.4214187500081095,FAR_GUIDANCE,0,0.05228161811828613,0.0,,0,343,DYNAMIC_LIMIT_HORIZONTAL,DYNAMIC_LIMIT_HORIZONTAL,0.12160921096801758,0.00802922248840332,0.0,0.0,0.0,False,0.0,-0.09612638225093484,SAFE,4.881813697814941,0.9990841150283813,19.663284301757812,19.711345672607422,19.617124557495117,19.618865966796875,0.0047236038371920586,0.0018782829865813255,0.0014995660167187452,20.000166894398046,0.00046570200356654823,0.07172020600410178,0.022702165231219446,0.02806977952789018,
1.0794131755828857,1,FAR_GUIDANCE,21.715438842773438,17.1294002532959,-4.953595161437988,6.542239189147949,1.072662115097046,-0.029234452173113823,29.79393381024782,16.210838164624786,-0.14752718852733687,3.3418942272446506,-2.1981081636859936,0.041935970390537314,9.444793624557938,8.130549627808245,4.806067972910651,4.576593855783818,2.3830605618581986,FAR_GUIDANCE,0,0.05247902870178223,0.0,,0,344,DYNAMIC_LIMIT_HORIZONTAL,DYNAMIC_LIMIT_HORIZONTAL,0.12160921096801758,0.00802922248840332,0.0,0.0,0.0,False,0.0,-0.11554865437764628,SAFE,4.883595161437988,0.9990841150283813,19.663284301757812,19.711345672607422,19.646038055419922,19.643877029418945,0.003068271093070507,0.0018782829865813255,0.0021631349809467793,20.00960334098945,0.0005463830020744354,0.07172020600410178,0.025898822825440336,0.02806977952789018,
1.1388349533081055,1,FAR_GUIDANCE,22.13153839111328,17.187536239624023,-4.9565110206604,6.569825649261475,0.9074459671974182,-0.027279082685709,29.992290281994144,16.079637560411125,-0.14445931340476428,3.329294234873284,-2.2171585959701927,0.063390996675484,9.283032985328159,7.938441898344331,4.812051707255636,4.50249026507509,2.3241282346434646,FAR_GUIDANCE,0,0.05293536186218262,0.0,,0,345,DYNAMIC_LIMIT_HORIZONTAL,DYNAMIC_LIMIT_HORIZONTAL,0.12160921096801758,0.00802922248840332,0.0,0.0,0.0,False,0.0,-0.14025039576268483,SAFE,4.8865110206604,1.0003018379211426,19.877592086791992,19.86318588256836,19.646038055419922,19.643877029418945,0.003068271093070507,0.0024433129001408815,0.0021631349809467793,20.026064464070643,0.0006634059973293915,0.07172020600410178,0.025898822825440336,0.20123033013032707,
1.1896088123321533,1,FAR_GUIDANCE,22.3925838470459,17.218786239624023,-4.958366394042969,6.585075378417969,0.8026309609413147,-0.025845399126410484,30.161145700650188,15.966614198700052,-0.1407898232618526,3.3187232170889596,-2.2329519379799687,0.0812800381384653,9.226458264615223,7.868830160408053,4.8175765707811165,4.460414312297819,2.2823169158050196,FAR_GUIDANCE,0,0.05361509323120117,0.0,,0,346,DYNAMIC_LIMIT_HORIZONTAL,DYNAMIC_LIMIT_HORIZONTAL,0.12160921096801758,0.00802922248840332,0.0,0.0,0.0,False,0.0,-0.1598664389535034,SAFE,4.8883663940429685,1.0003018379211426,19.877592086791992,19.86318588256836,20.167762756347656,20.102218627929688,0.009456904605031013,0.0024433129001408815,0.00166751304641366,20.017697772405683,0.0005655779968947172,0.07172020600410178,0.20209597329694534,0.2018658158226555,
1.2401237487792969,1,FAR_GUIDANCE,22.750104328219926,17.254774569766788,-4.960882675474701,6.6032542460503985,0.657999727206698,-0.0217584057415787,30.328262573338183,15.853612603134223,-0.1362555073951024,3.308395724061149,-2.2482254631183913,0.09852833832782863,9.092236499110832,7.706603483039169,4.824627168079599,4.395077523503323,2.234491852510405,FAR_GUIDANCE,0,0.05295085906982422,0.0,,0,347,DEADLINE_EXCEEDED,DEADLINE_EXCEEDED,0.13160443305969238,0.006713390350341797,0.0,0.0,0.0,False,0.0,-0.1670526688912517,SAFE,4.889851741790771,0.9999932646751404,19.9127140045166,20.0045166015625,20.167762756347656,20.102218627929688,0.009456904605031013,0.0024433129001408815,0.00166751304641366,20.032243173996843,0.0006060000014258549,0.08271033399796579,0.20346922974956647,0.20493024427095244,
1.278789758682251,1,FAR_GUIDANCE,22.96944808959961,17.2730770111084,-4.962319374084473,6.612674236297607,0.5688886046409607,-0.018736060708761215,30.45542903607435,15.76677942025044,-0.13214331903945511,3.3006381684912345,-2.2595865418163674,0.11122372885016915,9.03545482451977,7.63602273197293,4.830176055045017,4.357378123996047,2.203052897908444,FAR_GUIDANCE,0,0.0526735782623291,0.0,,0,348,DEADLINE_EXCEEDED,DEADLINE_EXCEEDED,0.13160443305969238,0.006713390350341797,0.0,0.0,0.0,False,0.0,-0.20089224764575642,SAFE,4.892319374084472,0.9999932646751404,19.9127140045166,20.0045166015625,19.697080612182617,19.71011734008789,0.004683373961597681,0.0024433129001408815,0.0018309849547222257,20.00107771004736,0.0006270080048125237,0.08271033399796579,0.03713148480206861,0.06123149355287613,
1.3389666080474854,1,FAR_GUIDANCE,23.390838623046875,17.300174713134766,-4.964591026306152,6.625277042388916,0.39758262038230896,-0.010157663375139236,30.65441958519337,15.629857338807824,-0.12490411719479205,3.2886256943065812,-2.2770452960788288,0.13044556025482018,8.886626913675363,7.453158291934732,4.83968690911136,4.278626646094287,2.1479560619757234,FAR_GUIDANCE,0,0.052555084228515625,0.0,,0,349,DEADLINE_EXCEEDED,DEADLINE_EXCEEDED,0.13160443305969238,0.006713390350341797,0.0,0.0,0.0,False,0.0,-0.22621905298161638,SAFE,4.894591026306152,1.1111716032028198,19.79508399963379,19.80573272705078,19.697080612182617,19.71011734008789,0.004683373961597681,0.0020290969405323267,0.0018309849547222257,20.000748662362096,0.0005142090085428208,0.08271033399796579,0.039414266214219215,0.07083155840198842,
1.380178689956665,1,FAR_GUIDANCE,23.654672622680664,17.31188201904297,-4.965645790100098,6.628665924072266,0.2903059422969818,-0.005446684546768665,30.789843316210042,15.53566326506036,-0.11921513976506815,3.2805742614026014,-2.288621169537493,0.1428134330950116,8.806446725910902,7.352932332600378,4.846430650335029,4.22877806136432,2.110946106842175,FAR_GUIDANCE,0,0.052924156188964844,0.0,,0,350,DYNAMIC_LIMIT_HORIZONTAL,DYNAMIC_LIMIT_HORIZONTAL,0.09458088874816895,0.0008249282836914062,0.0,0.0,0.0,False,0.0,-0.245849449403039,SAFE,4.895645790100097,1.1111716032028198,19.79508399963379,19.80573272705078,20.05320167541504,20.06423568725586,0.0037168089766055346,0.0020290969405323267,0.0018309849547222257,20.012768308638076,0.0005206519999774173,0.051946976003819145,0.039414266214219215,0.07083155840198842,
1.4401555061340332,1,FAR_GUIDANCE,24.019352976843905,17.32131593062999,-4.966650766698281,6.626033595353152,0.1424865699301886,0.0002718578444795372,30.985784743369393,15.39831412168585,-0.11021236161827605,3.2690564330295593,-2.3050531528943226,0.1598298604309837,8.70712934882639,7.22697083949132,4.856438405080005,4.157547969579599,2.0563201371841178,FAR_GUIDANCE,0,0.05287647247314453,0.0,,0,351,DYNAMIC_LIMIT_HORIZONTAL,DYNAMIC_LIMIT_HORIZONTAL,0.09458088874816895,0.0008249282836914062,0.0,0.0,0.0,False,0.0,-0.2599469814731523,SAFE,4.896609696014082,1.0001567602157593,19.78006935119629,19.710289001464844,20.05320167541504,20.06423568725586,0.0037168089766055346,0.0020290969405323267,0.0018309849547222257,20.046681389123815,0.000526518007973209,0.051946976003819145,0.04333028465725713,0.09006981976911484,
1.478757381439209,1,FAR_GUIDANCE,24.287803649902344,17.32323455810547,-4.967195987701416,6.618056297302246,0.03420242667198181,0.0032658465206623077,31.112022691809248,15.308914421952728,-0.10377528087116825,3.2617498514478114,-2.3153706651807124,0.16995481263341425,8.61860267760734,7.115296982054591,4.863420706830248,4.100374602870571,2.0143287778779357,FAR_GUIDANCE,0,0.05267620086669922,0.0,,0,352,DYNAMIC_LIMIT_HORIZONTAL,DYNAMIC_LIMIT_HORIZONTAL,0.09458088874816895,0.0008249282836914062,0.0,0.0,0.0,False,0.0,-0.289058059999749,SAFE,4.896703977572617,1.0001567602157593,19.78006935119629,19.710289001464844,19.61488151550293,19.655094146728516,0.0020088739693164825,0.0020290969405323267,0.0021309920120984316,20.002727880560798,0.0006484100013040006,0.051946976003819145,0.04333028465725713,0.09917314756157809,
1.53940749168396,1,FAR_GUIDANCE,24.708402633666992,17.317346572875977,-4.968131065368652,6.594059467315674,-0.13392576575279236,0.007224557921290398,31.30934465329975,15.16819690392025,-0.09307018292979677,3.2504526922923302,-2.3312128726766725,0.18476637788333006,8.482776576900479,6.941993938784871,4.875060882438856,4.004909236683317,1.9431289117440185,FAR_GUIDANCE,0,0.05286741256713867,0.0,,0,353,DYNAMIC_LIMIT_HORIZONTAL,DYNAMIC_LIMIT_HORIZONTAL,0.09458088874816895,0.0008249282836914062,0.0,0.0,0.0,False,0.0,-0.31489022633966046,SAFE,4.897036942833027,0.9994663000106812,19.737346649169922,19.66849708557129,19.61488151550293,19.655094146728516,0.0020088739693164825,0.0028733680956065655,0.0021309920120984316,19.98765402992187,0.0005974369996692985,0.051946976003819145,0.2051033487700512,0.10744432948129443,
1.5814433097839355,1,FAR_GUIDANCE,24.970083236694336,17.30828285217285,-4.968771934509277,6.571384429931641,-0.23771290481090546,0.008366433903574944,31.44618509306853,15.06965104502338,-0.08504868875185352,3.242740780798549,-2.341921801232047,0.19396100941072053,8.41439958424046,6.85210680171541,4.883723245757424,3.9423354714115364,1.8943352581100201,FAR_GUIDANCE,0,0.05257678031921387,0.0,,0,354,DYNAMIC_LIMIT_HORIZONTAL,DYNAMIC_LIMIT_HORIZONTAL,0.10158181190490723,0.005532503128051758,0.0,0.0,0.0,False,0.0,-0.3342382193567328,SAFE,4.897502969980488,0.9994663000106812,19.737346649169922,19.66849708557129,19.719642639160156,19.716012954711914,0.007076334208250046,0.0028733680956065655,0.002805786905810237,20.000734356186594,0.0006030280055711046,0.05407428101170808,0.20663735717117415,0.11551406245028951,
1.639991044998169,1,FAR_GUIDANCE,25.334339141845703,17.288976669311523,-4.969796180725098,6.529622554779053,-0.3803182542324066,0.009221748448908329,31.63552112788774,14.932327386931046,-0.07339704355864499,3.23219592452689,-2.356461136677587,0.2054841001672391,8.320661919090899,6.727457934566746,4.896399137166453,3.8492443394044096,1.8219260576674068,FAR_GUIDANCE,0,0.052838802337646484,0.0,,0,355,DYNAMIC_LIMIT_HORIZONTAL,DYNAMIC_LIMIT_HORIZONTAL,0.10158181190490723,0.005532503128051758,0.0,0.0,0.0,False,0.0,-0.3579087960826701,SAFE,4.89839591032887,1.001524806022644,19.910531997680664,19.895734786987305,19.719642639160156,19.716012954711914,0.007076334208250046,0.0028733680956065655,0.002805786905810237,20.00562349083321,0.0007551519956905395,0.05407428101170808,0.047902984647366406,0.12272688227562754,
1.6791396141052246,1,FAR_GUIDANCE,25.592632293701172,17.270668029785156,-4.970683574676514,6.492704391479492,-0.47992610931396484,0.008535007946193218,31.762039838444558,14.839723279970912,-0.06517366438162901,3.225259030348547,-2.3659386825272746,0.21207901552495453,8.24833979112084,6.631069433340753,4.905509910294884,3.7781837934801485,1.767012868382595,FAR_GUIDANCE,0,0.05277395248413086,0.0,,0,356,DYNAMIC_LIMIT_HORIZONTAL,DYNAMIC_LIMIT_HORIZONTAL,0.10158181190490723,0.005532503128051758,0.0,0.0,0.0,False,0.0,-0.37701158461148054,SAFE,4.899388754212456,1.001524806022644,19.910531997680664,19.895734786987305,19.696279525756836,19.720836639404297,1.82859948836267e-05,0.0028733680956065655,0.0029600840061903,19.996124817801952,0.0007607849984196946,0.05407428101170808,0.04833856446467268,0.12937640549078974,
1.7393345832824707,1,FAR_GUIDANCE,26.001651763916016,17.233823776245117,-4.972358703613281,6.421457767486572,-0.6351466178894043,0.006922748871147633,31.955804558172044,14.69699223245036,-0.05216826573127571,3.214754219987797,-2.3802000544137596,0.22089960991178773,8.129927657978543,6.472051435127734,4.920190437882005,3.6570405022268346,1.6744908382214156,FAR_GUIDANCE,0,0.052765846252441406,0.0,,0,357,DYNAMIC_LIMIT_HORIZONTAL,DYNAMIC_LIMIT_HORIZONTAL,0.10158181190490723,0.005532503128051758,0.0,0.0,0.0,False,0.0,-0.40287003958836154,SAFE,4.9013107063922225,0.9350168108940125,19.920143127441406,19.971538543701172,19.696279525756836,19.720836639404297,1.82859948836267e-05,0.0028206019196659327,0.0029600840061903,20.02236505367402,0.0007659889961360022,0.05407428101170808,0.04833856446467268,0.12937640549078974,
1.7801311016082764,1,MINCO_READY,26.254335403442383,17.206193923950195,-4.973548889160156,6.369791030883789,-0.7293916344642639,0.005892169661819935,32.08695647719687,14.599524243275232,-0.04302317725719656,3.207757509180859,-2.389614907878038,0.225600564855992,8.069961537076324,6.38859886157795,4.93052571190296,3.578137656501854,1.6148790465907956,TRACKING,9,0.05276942253112793,0.07399368286132812,,357,358,NONE,NONE,0.09518647193908691,0.0006594657897949219,3.34583237193495,1789551519.834664,3.271838665008545,False,0.15423214847587657,-0.42160538492007404,SAFE,4.902658120178218,0.9350168108940125,19.920143127441406,19.971538543701172,19.898929595947266,19.89959144592285,0.004046449903398752,0.0028206019196659327,0.0029600840061903,21.021230204378544,0.000520575005793944,0.052684124995721504,0.20800045637334877,0.2423429820638359,
1.838735818862915,1,MINCO_TRACKING,26.603788375854492,17.16176986694336,-4.975241184234619,6.289063930511475,-0.8579679727554321,0.00537752965465188,32.27467586040653,14.45913556107648,-0.02965207164106424,3.1978607000341297,-2.4028487965440055,0.2309525697056236,7.995126560868278,6.281973977476945,4.945589112593555,3.4631024054332022,1.530809580529744,TRACKING,9,0.052892208099365234,0.12397217750549316,,357,359,NONE,NONE,0.09518647193908691,0.0006594657897949219,3.34583237193495,1789551519.834664,3.22186017036438,False,0.15423214847587657,-0.44488658246885926,SAFE,4.904428771221384,0.9981402158737183,19.98310089111328,19.95987319946289,19.898929595947266,19.89959144592285,0.004046449903398752,0.0028206019196659327,0.0029600840061903,21.04568499391857,0.0005972420040052384,0.052684124995721504,0.04782772991262756,0.14431422133193422,
1.879667043685913,1,MINCO_TRACKING,26.801166534423828,17.13345718383789,-4.976019859313965,6.240735054016113,-0.9269164800643921,0.016423344612121582,32.40546550156264,14.360511054993573,-0.02012975922740247,3.1910743676507902,-2.411848558905682,0.2333683502218034,7.978611648067715,6.252791148482877,4.955890100086562,3.398899633144985,1.491289273669394,TRACKING,9,0.05294394493103027,0.17405390739440918,,357,360,NONE,NONE,0.09518647193908691,0.0006594657897949219,3.34583237193495,1789551519.834664,3.171778440475464,False,0.15423214847587657,-0.46068267222561676,SAFE,4.903502412372497,0.9981402158737183,19.98310089111328,19.95987319946289,19.873912811279297,19.839263916015625,1.2748991139233112e-05,0.0028206019196659327,0.00217643310315907,21.004967910806542,0.0005768050032202154,0.052684124995721504,0.04707450738309493,0.14431422133193422,
1.9394862651824951,1,MINCO_TRACKING,27.19092559814453,17.071380615234375,-4.97511100769043,6.150418758392334,-1.0441131591796875,0.09210757166147232,32.59600895712038,14.215953371486036,-0.0061116259779221745,3.1813061030667895,-2.424724676860872,0.2354168973974782,7.877775429477358,6.1129690709031,4.968999381712507,3.2775380525039153,1.4463425385286939,TRACKING,9,0.05295419692993164,0.22407007217407227,,357,361,NONE,NONE,0.09518647193908691,0.0006594657897949219,3.34583237193495,1789551519.834664,3.121762275695801,False,0.15423214847587657,-0.48607014979147056,SAFE,4.889598110989734,0.9978060722351074,20.163888931274414,20.148269653320312,19.873912811279297,19.839263916015625,1.2748991139233112e-05,0.0028206019196659327,0.00217643310315907,21.01684282154466,0.001020087001961656,0.052684124995721504,0.04707450738309493,0.15012353719965332,
1.9804637432098389,1,MINCO_READY,27.43142318725586,17.029680252075195,-4.971112251281738,6.101899147033691,-1.1047909259796143,0.1642543226480484,32.72596355537024,14.116564982454536,0.003522600465022234,3.1747526674301354,-2.4332936939158776,0.2354403371444285,7.827221102786311,6.0430454477597495,4.97463485174676,3.2153030286630346,1.4403182079464543,TRACKING,10,0.05282926559448242,0.07404661178588867,,361,362,NONE,NONE,0.09155440330505371,0.005536556243896484,3.145905017852783,1789551519.834664,3.0718584060668945,False,0.09481541961051093,-0.5039596394613963,SAFE,4.871078206382817,0.9978060722351074,20.163888931274414,20.148269653320312,20.122419357299805,20.155603408813477,0.003998821135610342,0.0028206019196659327,0.0032911289017647505,22.066070658216393,0.0006267760036280379,0.04362591500103008,0.044728232600277334,0.15012353719965332,0.21909352917798583
2.0412650108337402,1,MINCO_TRACKING,27.76424789428711,16.967987060546875,-4.959607124328613,6.047035217285156,-1.1803513765335083,0.2898561954498291,32.91888529130754,13.968157270785323,0.01781875190259806,3.165142501928702,-2.445786769558428,0.23395098542686396,7.768142237091081,5.963997439830302,4.977425876231211,3.1479767707612525,1.4594590146166344,TRACKING,10,0.05253291130065918,0.12398004531860352,,361,363,NONE,NONE,0.09155440330505371,0.005536556243896484,3.145905017852783,1789551519.834664,3.0219249725341797,False,0.09481541961051093,-0.5270550519053643,SAFE,4.829325372203009,0.9995089769363403,19.881004333496094,19.917633056640625,20.122419357299805,20.155603408813477,0.003998821135610342,0.006731443107128143,0.0032911289017647505,22.100497610306295,0.0006025990005582571,0.04362591500103008,0.04362140233945944,0.15239956810416702,0.23154568644830725
2.0789194107055664,1,MINCO_TRACKING,28.00049591064453,16.9217529296875,-4.947430610656738,6.013036251068115,-1.2504892349243164,0.2896784543991089,33.037932170405696,13.87587289151322,0.026579745148720014,3.159310002360198,-2.4533107770352305,0.23176818524523635,7.70674563598443,5.886692558483508,4.974010355805459,3.097400000646367,1.4273028790764801,TRACKING,10,0.051613569259643555,0.17413640022277832,,361,364,NONE,NONE,0.09155440330505371,0.005536556243896484,3.145905017852783,1789551519.834664,2.971768617630005,False,0.09481541961051093,-0.5446888170242583,SAFE,4.81719612110826,0.9995089769363403,19.881004333496094,19.917633056640625,20.003639221191406,19.995153427124023,0.0033438499085605145,0.006731443107128143,0.0032911289017647505,22.101701005537695,0.0006935659912414849,0.04362591500103008,0.04122990521053549,0.15239956810416702,0.23154568644830725
2.13915753364563,1,MINCO_TRACKING,28.376686096191406,16.842836380004883,-4.92716121673584,5.965307712554932,-1.349255084991455,0.35070037841796875,33.22796371290944,13.727792817257404,0.04041698672214722,3.1501069471845247,-2.465121444636853,0.2268929223906988,7.610205261341826,5.765274573884919,4.967578203457987,3.030815297588809,1.418670191977466,TRACKING,10,0.05290794372558594,0.22410798072814941,,361,365,NONE,NONE,0.09155440330505371,0.005536556243896484,3.145905017852783,1789551519.834664,2.921797037124634,False,0.09481541961051093,-0.5708594167757051,SAFE,4.779958008888643,0.9987433552742004,20.041112899780273,20.04573631286621,20.003639221191406,19.995153427124023,0.0033438499085605145,0.006731443107128143,0.0032911289017647505,22.00166810285013,0.0005246259970590472,0.04362591500103008,0.04122990521053549,0.15057097246876192,0.3281252628335831
2.179246664047241,1,MINCO_TRACKING,28.610937118530273,16.791147232055664,-4.909663677215576,5.936438083648682,-1.392087697982788,0.4776482880115509,33.354162229354884,13.628728479316942,0.04940897764576286,3.144097006172051,-2.472777639214724,0.22234065793368074,7.555890312585551,5.700796156646076,4.959072654861339,3.0050360111019,1.4681522373406268,TRACKING,10,0.05278325080871582,0.2740161418914795,,361,366,NONE,NONE,0.09155440330505371,0.005536556243896484,3.145905017852783,1789551519.834664,2.8718888759613037,False,0.09481541961051093,-0.5886197606964565,SAFE,4.7223868566057705,0.9987433552742004,20.041112899780273,20.04573631286621,20.118383407592773,20.04348373413086,0.004296931903809309,0.006731443107128143,0.002169647952541709,22.019592552043015,0.00049815300735645,0.04362591500103008,0.2059182868650262,0.14839415286413976,0.2826067898789793
2.2398288249969482,1,MINCO_TRACKING,28.937904357910156,16.716611862182617,-4.876027584075928,5.895076751708984,-1.4471722841262817,0.6713432669639587,33.544444178868034,13.478571363850843,0.06266589917147349,3.135146574030452,-2.484120137200894,0.21405483974806847,7.489713526723012,5.630729561158777,4.938693483247401,2.983552939252509,1.5507210599766417,TRACKING,10,0.05294156074523926,0.32414746284484863,,361,367,PLAN_STALE_ON_ARRIVAL,PLAN_STALE_ON_ARRIVAL,0.11165642738342285,0.003056764602661133,3.145905017852783,1789551519.834664,2.8217575550079346,False,0.09481541961051093,-0.6127284275827534,SAFE,4.615185737611766,0.9992246031761169,20.05655288696289,20.051485061645508,20.118383407592773,20.04348373413086,0.004296931903809309,0.004212191794067621,0.002169647952541709,22.078189235425715,0.0007557979988632724,0.06645888100320008,0.03457903065521335,0.14546418915658807,0.2826067898789793
2.2789008617401123,1,MINCO_TRACKING,29.17051124572754,16.661949157714844,-4.844508647918701,5.8662614822387695,-1.4854819774627686,0.8193339109420776,33.66692449961104,13.381242728037378,0.07088329635932011,3.129481406388753,-2.491249393554626,0.20751409449178626,7.425755503199628,5.566036904964456,4.915391944278022,2.9792376150020297,1.6178018208701757,TRACKING,10,0.05191659927368164,0.3740994930267334,,361,368,PLAN_STALE_ON_ARRIVAL,PLAN_STALE_ON_ARRIVAL,0.11165642738342285,0.003056764602661133,3.145905017852783,1789551519.834664,2.77180552482605,False,0.09481541961051093,-0.6306571099306955,SAFE,4.5173469497534615,0.9992246031761169,20.05655288696289,20.051485061645508,19.883014678955078,19.885908126831055,0.00487505504861474,0.004212191794067621,0.001843260950408876,22.101750918769394,0.0005820279911858961,0.06645888100320008,0.03457903065521335,0.14546418915658807,0.36122764039261673
2.339462995529175,1,MINCO_TRACKING,29.541297912597656,16.572032928466797,-4.780280590057373,5.8210248947143555,-1.5530625581741333,1.0439759492874146,33.85595057013212,13.23028707960525,0.08313380506488498,3.120845118839663,-2.50206401980562,0.19611247150416047,7.310013163615714,5.4574254803480935,4.863414395122258,2.985037197955851,1.724008878192495,TRACKING,10,0.0529937744140625,0.42411041259765625,,361,369,PLAN_STALE_ON_ARRIVAL,PLAN_STALE_ON_ARRIVAL,0.11165642738342285,0.003056764602661133,3.145905017852783,1789551519.834664,2.721794605255127,False,0.09481541961051093,-0.6590105484055604,SAFE,4.335707041126149,0.9987792372703552,20.029653549194336,20.053306579589844,19.883014678955078,19.885908126831055,0.00487505504861474,0.004212191794067621,0.001843260950408876,22.11165483475702,0.0005461720138555393,0.06645888100320008,0.028422295735802346,0.13664300083241024,0.3205945222402448
2.379218101501465,1,MINCO_TRACKING,29.772235870361328,16.514081954956055,-4.731749057769775,5.7939629554748535,-1.5999020338058472,1.1840925216674805,33.97988142986565,13.130644441073523,0.09071961789750971,3.1152796232884317,-2.5089862020102602,0.18748804760172402,7.239346289034406,5.399252778372581,4.822468675667285,2.999166366966185,1.7959100019732623,TRACKING,10,0.054724693298339844,0.4759788513183594,,361,370,PLAN_STALE_ON_ARRIVAL,PLAN_STALE_ON_ARRIVAL,0.11165642738342285,0.003056764602661133,3.145905017852783,1789551519.834664,2.669926166534424,False,0.09481541961051093,-0.6772458382252537,SAFE,4.203720159545883,0.9987792372703552,20.029653549194336,20.053306579589844,19.692649841308594,19.702733993530273,0.004097918048501015,0.004212191794067621,0.002430201042443514,22.052623619839263,0.0006286710122367367,0.06645888100320008,0.025267197421904915,0.13087356864477648,0.3205945222402448
2.438843011856079,1,MINCO_TRACKING,30.09433364868164,16.429794311523438,-4.654553413391113,5.755908012390137,-1.6834063529968262,1.337731122970581,34.165574585869905,12.980638784929441,0.10153953902579513,3.107042717569646,-2.5191830046727275,0.17340608640993582,7.1478735850112285,5.335885738588439,4.756092952416909,3.011754098918598,1.8801512238736404,TRACKING,10,0.052980661392211914,0.5242385864257812,,361,371,DEADLINE_EXCEEDED,DEADLINE_EXCEEDED,0.12162280082702637,0.00397491455078125,3.145905017852783,1789551519.834664,2.621666431427002,False,0.09481541961051093,-0.7028477089702325,SAFE,4.0259888334727,1.0429407358169556,20.039461135864258,20.103166580200195,19.692649841308594,19.702733993530273,0.004097918048501015,0.0031483611091971397,0.002430201042443514,22.09725963063016,0.0005925510049564764,0.07535261299926788,0.025267197421904915,0.13087356864477648,0.3910351313893868
2.483123302459717,1,MINCO_TRACKING,30.32343101501465,16.366849899291992,-4.593883037567139,5.730208873748779,-1.7496627569198608,1.447017788887024,34.302926943312556,12.868968808896815,0.10893004962206873,3.101054281596371,-2.5265487779494253,0.16185917648739967,7.084349716023473,5.298260088546407,4.702813087189208,3.0278108293174744,1.9464194126813175,TRACKING,10,0.052959442138671875,0.5741381645202637,,361,372,DEADLINE_EXCEEDED,DEADLINE_EXCEEDED,0.12162280082702637,0.00397491455078125,3.145905017852783,1789551519.834664,2.5717668533325195,False,0.09481541961051093,-0.7208796665203332,SAFE,3.888058272962987,1.0429407358169556,20.039461135864258,20.103166580200195,20.154539108276367,20.17671012878418,0.00447882479056716,0.0031483611091971397,0.002430201042443514,22.110145093429264,0.0006108430097810924,0.07535261299926788,0.20225765428058667,0.23954091364888144,0.3468817094039835
2.5388102531433105,1,MINCO_TRACKING,30.642818450927734,16.274328231811523,-4.501321792602539,5.693234443664551,-1.8576833009719849,1.5747759342193604,34.47555245756533,12.727933913867723,0.11755641793583459,3.09362886147269,-2.5356376211993865,0.146325133732204,6.971427296312177,5.221758575803782,4.618878210538374,3.042703227837128,2.030738189626819,TRACKING,10,0.052849531173706055,0.6240901947021484,,361,373,DEADLINE_EXCEEDED,DEADLINE_EXCEEDED,0.12162280082702637,0.00397491455078125,3.145905017852783,1789551519.834664,2.5218148231506348,False,0.09481541961051093,-0.746563173755729,SAFE,3.6991215538703432,0.9129775166511536,20.002641677856445,20.02294158935547,20.154539108276367,20.17671012878418,0.00447882479056716,0.0031483611091971397,0.002430201042443514,22.013162854299207,0.0004497259942581877,0.07535261299926788,0.2009185496176907,0.2353242850903898,0.3468817094039835
2.5788774490356445,1,MINCO_TRACKING,30.86983871459961,16.204381942749023,-4.430694580078125,5.667247772216797,-1.9370651245117188,1.6796839237213135,34.59936277733317,12.626189341696888,0.1231243039073768,3.0883905767383,-2.5420120288144297,0.13435761092297155,6.888401734283203,5.1684438687803205,4.553818883985501,3.066675497134245,2.1035982121814953,TRACKING,10,0.05294609069824219,0.6740837097167969,,361,374,PLAN_STALE_ON_ARRIVAL,PLAN_STALE_ON_ARRIVAL,0.059264183044433594,0.00023865699768066406,3.145905017852783,1789551519.834664,2.4718213081359863,False,0.09481541961051093,-0.7640340832444883,SAFE,3.5444743747983627,0.9129775166511536,20.002641677856445,20.02294158935547,19.997997283935547,20.00234031677246,0.0036402640398591757,0.0031483611091971397,0.002251317026093602,22.13077755122808,0.000604984990786761,0.016751074988860637,0.011442618099411795,0.10077528818254021,0.3534358436932575
2.639169692993164,1,MINCO_TRACKING,31.18619728088379,16.100793838500977,-4.324312686920166,5.630097389221191,-2.062389373779297,1.809682846069336,34.78538917330568,12.47264746658669,0.13072632119041663,3.080619541444601,-2.5514273983442153,0.11552158934532292,6.779749327098843,5.110540908212191,4.455039008110583,3.0998673922538362,2.2049949383903757,TRACKING,10,0.0528106689453125,0.7241368293762207,,361,375,PLAN_STALE_ON_ARRIVAL,PLAN_STALE_ON_ARRIVAL,0.059264183044433594,0.00023865699768066406,3.145905017852783,1789551519.834664,2.4217681884765625,False,0.09481541961051093,-0.7893474664978513,SAFE,3.3278698593382434,0.9972543120384216,20.065994262695312,20.06913948059082,19.997997283935547,20.00234031677246,0.0036402640398591757,0.0018270279979333282,0.002251317026093602,22.023402763871808,0.0005537879915209487,0.016751074988860637,0.011442618099411795,0.10077528818254021,0.3534358436932575
2.6794095039367676,1,MINCO_TRACKING,31.4111270904541,16.021961212158203,-4.244182109832764,5.603789329528809,-2.159212827682495,1.8993117809295654,34.909276440070734,12.369784412818474,0.13504994897608186,3.07553540417075,-2.5575507475593056,0.10226554884885615,6.689777101724527,5.057217045555654,4.379232058808846,3.1273177276598694,2.2809566827184073,TRACKING,10,0.05295515060424805,0.7741134166717529,,361,376,PLAN_STALE_ON_ARRIVAL,PLAN_STALE_ON_ARRIVAL,0.059264183044433594,0.00023865699768066406,3.145905017852783,1789551519.834664,2.3717916011810303,False,0.09481541961051093,-0.8060028053617714,SAFE,3.1678082944577617,0.9972543120384216,20.065994262695312,20.06913948059082,19.888612747192383,19.886404037475586,0.005168343894183636,0.0018270279979333282,0.002323328983038664,22.010322166371644,0.0005151280056452379,0.016751074988860637,0.20029129519699712,0.2216399208484996,0.40898508745247913
2.739959239959717,1,MINCO_TRACKING,31.769230520176517,15.886449509964944,-4.108478318450243,5.561642582810154,-2.3299747982797263,2.028157766774734,35.09523330454314,12.214734040797765,0.1406920682738855,3.068002102831011,-2.5665858834304554,0.08170771446041578,6.526809173213921,4.9541688513953686,4.249170386724129,3.17220671696553,2.404832760247269,TRACKING,10,0.05299830436706543,0.8241190910339355,,361,377,PLAN_STALE_ON_ARRIVAL,PLAN_STALE_ON_ARRIVAL,0.059264183044433594,0.00023865699768066406,3.145905017852783,1789551519.834664,2.3217859268188477,False,0.09481541961051093,-0.8347842964817929,SAFE,2.911416982466351,1.0010719299316406,20.069204330444336,20.102642059326172,19.888612747192383,19.886404037475586,0.005168343894183636,0.0018270279979333282,0.002323328983038664,22.012033842468448,0.0005409139994299039,0.016751074988860637,0.20031804813012657,0.21740837312239353,0.40796137740224825
2.781126022338867,1,MINCO_TRACKING,31.99258804321289,15.794966697692871,-4.019535541534424,5.536360263824463,-2.4398107528686523,2.1169159412384033,35.221440748247346,12.108895553834024,0.14369301355805023,3.0629812506692953,-2.57257306422319,0.06721880918605941,6.430014173416304,4.900266346679248,4.163228555092474,3.2150408873257326,2.493021382137965,TRACKING,10,0.05299830436706543,0.8241190910339355,,361,378,PLAN_STALE_ON_ARRIVAL,PLAN_STALE_ON_ARRIVAL,0.08235859870910645,0.005108833312988281,3.145905017852783,1789551519.834664,2.3217859268188477,False,0.09481541961051093,-0.8347842964817929,SAFE,2.911416982466351,1.0010719299316406,20.069204330444336,20.102642059326172,19.9932861328125,19.981637954711914,0.00397983193397522,0.0018270279979333282,0.0046815527603030205,21.994571300006342,0.0005409139994299039,0.034938861994305626,0.004824863073389849,0.061075572583062676,0.34472396860760024
2.8304786682128906,1,MINCO_TRACKING,32.2149658203125,15.698503494262695,-3.9274468421936035,5.510089874267578,-2.5623717308044434,2.1826364994049072,35.37218696251958,11.981988088028213,0.14657085576064907,3.057059043947035,-2.5796078789084973,0.0495688466629728,6.354380560591416,4.876528694222728,4.074017697954252,3.250789896391113,2.576310562784683,TRACKING,10,0.05259537696838379,0.9242019653320312,,361,379,PLAN_STALE_ON_ARRIVAL,PLAN_STALE_ON_ARRIVAL,0.08235859870910645,0.005108833312988281,3.145905017852783,1789551519.834664,2.221703052520752,False,0.09481541961051093,-0.8653012184587734,SAFE,2.5772709495759663,1.0006308555603027,19.937576293945312,19.912418365478516,19.9932861328125,19.981637954711914,0.00397983193397522,0.0035226289182901382,0.0046815527603030205,21.03336334657978,0.0005942550051258877,0.034938861994305626,0.007945049324028218,0.05004756300357881,0.33636648041382394
2.8867404460906982,1,MINCO_TRACKING,32.524681091308594,15.553369522094727,-3.796261787414551,5.470454692840576,-2.7548139095306396,2.23540997505188,35.54419914686865,11.836487562424276,0.14882837177407407,3.0504072454332185,-2.5874718675293047,0.029041015723215522,6.2045497140488575,4.788809955508449,3.945090159188625,3.27913052369269,2.6808862553056976,TRACKING,10,0.05290961265563965,0.9741928577423096,,361,380,PLAN_STALE_ON_ARRIVAL,PLAN_STALE_ON_ARRIVAL,0.08235859870910645,0.005108833312988281,3.145905017852783,1789551519.834664,2.1717121601104736,False,0.09481541961051093,-0.888059408262031,SAFE,2.39153873984448,1.0006308555603027,19.937576293945312,19.912418365478516,19.594409942626953,19.587278366088867,0.0021810359321534634,0.0035226289182901382,0.0015662329969927669,21.068085570211064,0.0006664569955319166,0.034938861994305626,0.007945049324028218,0.05004756300357881,0.33636648041382394
2.92667555809021,1,MINCO_TRACKING,32.744789123535156,15.442778587341309,-3.699747323989868,5.443889617919922,-2.8725640773773193,2.3284103870391846,35.66593018344076,11.733003353345435,0.14963254335693543,3.045779418001626,-2.5929157744865696,0.014318849149258147,6.092062273300434,4.721810815633718,3.8493798673468036,3.3442720209330474,2.7823858549332994,TRACKING,10,0.053000688552856445,1.024186372756958,,361,381,PLAN_STALE_ON_ARRIVAL,PLAN_STALE_ON_ARRIVAL,0.08235859870910645,0.005108833312988281,3.145905017852783,1789551519.834664,2.121718645095825,False,0.09481541961051093,-0.9015804388686082,SAFE,2.1961867798395978,0.9992552995681763,19.85577392578125,19.820802688598633,19.594409942626953,19.587278366088867,0.0021810359321534634,0.0035226289182901382,0.0015662329969927669,21.008725452360633,0.0009407600009581074,0.034938861994305626,0.2001804799292103,0.2036586050329335,0.38222584731488035
2.9869582653045654,1,MINCO_TRACKING,33.094688415527344,15.254490852355957,-3.5390071868896484,5.39503288269043,-3.0826516151428223,2.4312829971313477,35.8489022530125,11.576856008800016,0.1498869843733308,3.038917024018365,-2.600957253566951,-0.007916829447588768,5.892251871051458,4.594637298539617,3.6888941712629792,3.4253477475203447,2.92904873539997,TRACKING,10,0.05354666709899902,1.0747191905975342,,361,382,PLAN_STALE_ON_ARRIVAL,PLAN_STALE_ON_ARRIVAL,0.05786895751953125,0.0003342628479003906,3.145905017852783,1789551519.834664,2.071185827255249,False,0.09481541961051093,-0.927372685267875,SAFE,1.9220873348919485,0.9992552995681763,19.85577392578125,19.820802688598633,19.73922348022461,19.779312133789062,0.004466357175260782,0.0035226289182901382,0.0035706479102373123,19.96311477771145,0.0008476780058117583,0.014855728004476987,0.018708009408324074,0.017174271036574214,0.37405774639512723
3.026566743850708,1,MINCO_TRACKING,33.461585998535156,15.037731170654297,-3.3653414249420166,5.336930274963379,-3.3179931640625,2.514871597290039,35.96935391617537,11.47354674392907,0.149219911277976,3.03448031199532,-2.6061302345313373,-0.022555072335177128,5.598611608471214,4.35801681461375,3.514561336219993,3.499508360632622,3.07739914606509,TRACKING,10,0.05296659469604492,1.1244502067565918,,361,383,PLAN_STALE_ON_ARRIVAL,PLAN_STALE_ON_ARRIVAL,0.05786895751953125,0.0003342628479003906,3.145905017852783,1789551519.834664,2.0214548110961914,False,0.09481541961051093,-0.9546489517859085,SAFE,1.6531948551772804,0.9986709952354431,19.779014587402344,19.743974685668945,19.73922348022461,19.779312133789062,0.004466357175260782,0.002532196929678321,0.0035706479102373123,20.004532485743102,0.00040033900586422533,0.014855728004476987,0.0221242816030099,0.017174271036574214,0.36003801921322776
3.0867223739624023,1,MINCO_TRACKING,33.76158142089844,14.84517765045166,-3.2199318408966064,5.275307655334473,-3.565595865249634,2.457301616668701,36.15188184384375,11.31641721925539,0.14725846692335848,3.027848336464518,-2.6138343742727708,-0.04460802699107061,5.43172687658223,4.262122275663738,3.367190307819965,3.495207460326163,3.15830444768416,TRACKING,10,0.052866220474243164,1.1741397380828857,,361,384,PLAN_STALE_ON_ARRIVAL,PLAN_STALE_ON_ARRIVAL,0.05786895751953125,0.0003342628479003906,3.145905017852783,1789551519.834664,1.9717652797698975,False,0.09481541961051093,-0.9746167684538931,SAFE,1.5736703513397787,0.9986709952354431,19.779014587402344,19.743974685668945,19.94657325744629,19.938371658325195,0.0038181650452315807,0.002532196929678321,0.0035706479102373123,19.995106338776644,0.0007452060090145096,0.014855728004476987,0.0221242816030099,0.013696664121322484,0.27250362994770455
3.127007007598877,1,MINCO_TRACKING,33.973609924316406,14.698601722717285,-3.119094133377075,5.2250447273254395,-3.744596004486084,2.4045145511627197,36.273738854540625,11.211009121478224,0.14510913487378463,3.0235012954775176,-2.618859837800328,-0.05912138857517151,5.301784437746545,4.177785926525179,3.26420326825086,3.490498165429294,3.212456400458788,TRACKING,10,0.05301833152770996,1.2242600917816162,,361,385,PLAN_STALE_ON_ARRIVAL,PLAN_STALE_ON_ARRIVAL,0.05786895751953125,0.0003342628479003906,3.145905017852783,1789551519.834664,1.921644926071167,False,0.09481541961051093,-0.9844218886721023,SAFE,1.532078905352016,0.9991666674613953,19.861431121826172,19.87389373779297,19.94657325744629,19.938371658325195,0.0038181650452315807,0.002532196929678321,0.0035706479102373123,19.98996034204671,0.0005740950000472367,0.014855728004476987,0.028555974561530438,0.023497966876330722,0.2547513264032212
3.1864840984344482,1,MINCO_TRACKING,34.29655838012695,14.456541061401367,-2.966480016708374,5.14274263381958,-3.984239339828491,2.3907251358032227,36.45344818694484,11.055004043273644,0.14101968762905354,3.017179085345896,-2.6261428335125094,-0.08016497805130114,5.087158552365489,4.027732330288116,3.1074997043374277,3.5309693391208787,3.318652645939894,TRACKING,10,0.05326962471008301,1.2745473384857178,,361,386,SEA_CLEARANCE,SEA_CLEARANCE,0.1030430793762207,0.0030546188354492188,3.145905017852783,1789551519.834664,1.8713576793670654,False,0.09481541961051093,-1.0047054488217775,SAFE,1.394757911345623,0.9991666674613953,19.861431121826172,19.87389373779297,19.788816452026367,19.84410858154297,0.004275990184396505,0.002532196929678321,0.002095879055559635,20.01370615742392,0.0005452339973999187,0.05807538999943063,0.031516358115739856,0.023497966876330722,0.23555131449079109
3.227078437805176,1,MINCO_TRACKING,34.496402740478516,14.297350883483887,-2.8718783855438232,5.089658260345459,-4.106751441955566,2.4330105781555176,36.57558335820797,10.948491444857176,0.13743417455425375,3.0129608486369444,-2.630979837588505,-0.094053580321975,4.959215025100756,3.941808161341829,3.009312560098077,3.588401765286955,3.40068065223539,TRACKING,10,0.05287575721740723,1.3240675926208496,,361,387,SEA_CLEARANCE,SEA_CLEARANCE,0.1030430793762207,0.0030546188354492188,3.145905017852783,1789551519.834664,1.8218374252319336,False,0.09481541961051093,-1.0113638887145866,SAFE,1.2530187041371665,0.9990930557250977,19.830358505249023,19.941526412963867,19.788816452026367,19.84410858154297,0.004275990184396505,0.002532196929678321,0.002095879055559635,20.0100663280373,0.0009020010038511828,0.05807538999943063,0.03428822453772369,0.20370579103787576,0.23555131449079109
3.286526679992676,1,MINCO_TRACKING,34.77421569824219,14.064146041870117,-2.738966464996338,4.998727321624756,-4.287055969238281,2.4442269802093506,36.75477582300978,10.791682501421613,0.13129530414522678,3.006859248590186,-2.6379525462869062,-0.11384436450288149,4.782262921962765,3.8251321586821256,2.870261769141565,3.6374179749655164,3.4887207083762073,TRACKING,10,0.05290651321411133,1.3742351531982422,,361,388,SEA_CLEARANCE,SEA_CLEARANCE,0.1030430793762207,0.0030546188354492188,3.145905017852783,1789551519.834664,1.771669864654541,False,0.09481541961051093,-1.025469701492666,SAFE,1.1074833118082712,0.9990930557250977,19.830358505249023,19.941526412963867,19.42718505859375,19.437419891357422,0.0019744730088859797,0.002532196929678321,0.0020276939030736685,19.98789967697525,0.0007328420033445582,0.05807538999943063,0.03428822453772369,0.05658457231437904,0.28788351200097817
3.326493263244629,1,MINCO_TRACKING,34.970741271972656,13.891273498535156,-2.6424431800842285,4.936272621154785,-4.3915205001831055,2.5046465396881104,36.87477898798625,10.686206318471474,0.1264399831473364,3.0028487714166894,-2.64251543514914,-0.12649947180005544,4.643762399644372,3.7279773675176218,2.768883163231565,3.7040620721068684,3.5687283559403564,TRACKING,10,0.053025245666503906,1.424215316772461,,361,389,HORIZON_INSUFFICIENT,HORIZON_INSUFFICIENT,0.05179238319396973,0.00855875015258789,3.145905017852783,1789551519.834664,1.7216897010803223,False,0.09481541961051093,-1.0303159115681693,SAFE,0.942095341376687,0.9999769926071167,19.925674438476562,19.907819747924805,19.42718505859375,19.437419891357422,0.0019744730088859797,0.0021381450351327658,0.0020276939030736685,20.011997388378283,0.0012173349969089031,0.0010502130025997758,0.03919981060523992,0.06726873315037117,0.17461625779861678
3.3865976333618164,1,MINCO_TRACKING,35.280799865722656,13.604951858520508,-2.4843151569366455,4.817938804626465,-4.568044662475586,2.5467069149017334,37.05478799190394,10.527470688808998,0.11834812419399195,2.996918257091058,-2.649240878093761,-0.14468703101363645,4.403609925584555,3.5521717612977435,2.6026632811306376,3.7737945319815793,3.6652527845356087,TRACKING,10,0.05272674560546875,1.474062204360962,,361,390,HORIZON_INSUFFICIENT,HORIZON_INSUFFICIENT,0.05179238319396973,0.00855875015258789,3.145905017852783,1789551519.834664,1.6718428134918213,False,0.09481541961051093,-1.0465794759509168,SAFE,0.7351658976197244,0.9999769926071167,19.925674438476562,19.907819747924805,19.4268741607666,19.463769912719727,0.005650300066918135,0.0021381450351327658,0.002151831053197384,20.04509101718596,0.000512839003931731,0.0010502130025997758,0.04131180129793204,0.0776699773879428,0.1489760862122329
3.426591157913208,1,MINCO_TRACKING,35.47134017944336,13.420392036437988,-2.3831405639648438,4.741647243499756,-4.669348239898682,2.586230754852295,37.17462061483729,10.421351854992572,0.11228310599043725,2.9930446827929966,-2.653615091333452,-0.156016855253621,4.257058320494678,3.448971767283676,2.495423669955281,3.8263184651393742,3.7271499799051426,TRACKING,10,0.05270648002624512,1.5241947174072266,,361,391,HORIZON_INSUFFICIENT,HORIZON_INSUFFICIENT,0.05179238319396973,0.00855875015258789,3.145905017852783,1789551519.834664,1.6217103004455566,False,0.09481541961051093,-1.0492734653494873,SAFE,0.5874880472682251,0.9982308745384216,19.747093200683594,19.739826202392578,19.4268741607666,19.463769912719727,0.005650300066918135,0.0021381450351327658,0.002151831053197384,20.005437421479343,0.0006600839988095686,0.0010502130025997758,0.04314388692847599,0.08757767746501648,0.1489760862122329
3.4866385459899902,1,MINCO_TRACKING,35.73265075683594,13.15466022491455,-2.241711378097534,4.609084606170654,-4.834354400634766,2.5439558029174805,37.354617354797824,10.261451957919252,0.1024484022064387,2.987310448532388,-2.660070150336228,-0.17204302981269698,4.061590180792342,3.3168403219199436,2.344159780303973,3.8385300674700034,3.7640075013537397,TRACKING,10,0.05274391174316406,1.5741291046142578,,361,392,HORIZON_INSUFFICIENT,HORIZON_INSUFFICIENT,0.05179238319396973,0.00855875015258789,3.145905017852783,1789551519.834664,1.5717759132385254,False,0.09481541961051093,-1.0585699969855766,SAFE,0.4957757822204077,0.9982308745384216,19.747093200683594,19.739826202392578,19.5916805267334,19.596471786499023,0.0028360718861222267,0.0021381450351327658,0.0018404469592496753,20.001635685215003,0.0005865029961569235,0.0010502130025997758,0.04314388692847599,0.08757767746501648,0.22993069235675556
3.52712082862854,1,MINCO_TRACKING,35.915191650390625,12.96008014678955,-2.1406095027923584,4.521291732788086,-4.932958602905273,2.563324451446533,37.475245602278896,10.153852937311783,0.09525496884027891,2.9835416560522274,-2.6642953567654475,-0.18183093294230918,3.9125144625323354,3.210713236029589,2.2358644716326372,3.8790960683290487,3.8090985095319345,TRACKING,10,0.05286908149719238,1.6239891052246094,,361,393,HORIZON_INSUFFICIENT,HORIZON_INSUFFICIENT,0.051798105239868164,0.008738040924072266,3.145905017852783,1789551519.834664,1.5219159126281738,False,0.09481541961051093,-1.0581806581286717,SAFE,0.37198438639864434,0.9988620281219482,19.864276885986328,19.888534545898438,19.5916805267334,19.596471786499023,0.0028360718861222267,0.003159638959914446,0.0018404469592496753,20.002580021808576,0.00047468399861827493,0.0008786219987086952,0.04602393305044848,0.10576361069632909,0.2219394484539476
3.586766481399536,1,MINCO_TRACKING,36.19926834106445,12.640625953674316,-1.9794576168060303,4.359797477722168,-5.102646827697754,2.52691388130188,37.65314770477338,9.99468750595766,0.084036203244508,2.9780650345501285,-2.670416788295218,-0.19511769794022393,3.6568787536245537,3.019065331079125,2.0634938200505384,3.9031248285799798,3.8451640180995885,TRACKING,10,0.052643537521362305,1.6740226745605469,,361,394,HORIZON_INSUFFICIENT,HORIZON_INSUFFICIENT,0.051798105239868164,0.008738040924072266,3.145905017852783,1789551519.834664,1.4718823432922363,False,0.09481541961051093,-1.0669441927631285,SAFE,0.25336178190752207,0.9988620281219482,19.864276885986328,19.888534545898438,19.532087326049805,19.538057327270508,0.0031864619813859463,0.003159638959914446,0.0018404469592496753,19.99970285957505,0.0006072169926483184,0.0008786219987086952,0.04602393305044848,0.10576361069632909,0.07017321670350052
3.626774549484253,1,MINCO_TRACKING,36.3715705871582,12.436019897460938,-1.8791863918304443,4.260053634643555,-5.198218822479248,2.5232508182525635,37.772336245824036,9.8876364747916,0.07602888450661964,2.9744672213693137,-2.6744225680638203,-0.20294834363186579,3.5041788305186756,2.9079894256055008,1.955215276337064,3.9312137858498657,3.8704394779861766,TRACKING,10,0.05300259590148926,1.7242412567138672,,361,395,HORIZON_INSUFFICIENT,HORIZON_INSUFFICIENT,0.051798105239868164,0.008738040924072266,3.145905017852783,1789551519.834664,1.421663761138916,False,0.09481541961051093,-1.0623701706968167,SAFE,0.15733983073011376,1.0010714530944824,19.874746322631836,19.88105010986328,19.532087326049805,19.538057327270508,0.0031864619813859463,0.003159638959914446,0.0018404469592496753,19.98789967697525,0.0006298439984675497,0.0008786219987086952,0.20764891401995692,0.23452424165065758,0.07017321670350052
3.687143325805664,1,MINCO_TRACKING,36.605045318603516,12.142699241638184,-1.7424201965332031,4.0958380699157715,-5.349031448364258,2.4289584159851074,37.951519181755316,9.726235102523642,0.0634985238268416,2.969139137406385,-2.680337750413021,-0.2134229958423446,3.3035788509318764,2.7662774263940912,1.8059187203600446,3.9209126569682313,3.855757624190678,TRACKING,10,0.053030967712402344,1.7741236686706543,,361,396,HORIZON_INSUFFICIENT,HORIZON_INSUFFICIENT,0.051798105239868164,0.008738040924072266,3.145905017852783,1789551519.834664,1.371781349182129,False,0.09481541961051093,-1.0611091139532753,WARNING,0.12810863681846058,1.0010714530944824,19.874746322631836,19.88105010986328,19.831396102905273,19.81402015686035,0.004081408958882093,0.003159638959914446,0.0022632121108472347,19.99756491347463,0.0005133990052854642,0.0008786219987086952,0.048192254511188005,0.12808231820883031,0.20647618273029764
3.7265052795410156,1,MINCO_TRACKING,36.76643753051758,11.92872428894043,-1.646442174911499,3.990809440612793,-5.43660306930542,2.41609787940979,38.06831732886725,9.620626535739616,0.054952203067003026,2.9657362312340205,-2.684101246346254,-0.2190669387592579,3.14911877786445,2.6499445744546493,1.7013943779785021,3.9460277481152537,3.8648970844174144,TRACKING,10,0.05276679992675781,1.8240196704864502,,361,397,HORIZON_INSUFFICIENT,HORIZON_INSUFFICIENT,0.05165457725524902,0.008866310119628906,3.145905017852783,1789551519.834664,1.321885347366333,False,0.09481541961051093,-1.0501898850148885,WARNING,0.04652170042233378,0.999908983707428,19.877647399902344,19.904842376708984,19.831396102905273,19.81402015686035,0.004081408958882093,0.003616723930463195,0.0022632121108472347,20.003185779595558,0.0005366629920899868,0.0008094250079011545,0.04907053147425459,0.13449392945430547,0.07496390543132993
3.787557601928711,1,MINCO_TRACKING,37.014644622802734,11.578640937805176,-1.5002760887145996,3.8014047145843506,-5.588380336761475,2.262545585632324,38.24933627682484,9.456515238257277,0.041361582119582394,2.960539010704623,-2.6898340158918383,-0.22645176446709583,2.8990563418686,2.455174324807407,1.541637670834182,3.9119986854535096,3.803451979823815,TRACKING,10,0.05126047134399414,1.874072551727295,,361,398,HORIZON_INSUFFICIENT,HORIZON_INSUFFICIENT,0.05165457725524902,0.008866310119628906,3.145905017852783,1789551519.834664,1.2718324661254883,False,0.09481541961051093,-1.0426898229562855,WARNING,0.06707174545688771,0.999908983707428,19.877647399902344,19.904842376708984,20.377748489379883,20.29008674621582,0.004340855870395899,0.003616723930463195,0.0024845250882208347,20.153969200874236,0.00044110900489613414,0.0008094250079011545,0.04907053147425459,0.13449392945430547,0.09529009762323509
3.826317071914673,1,MINCO_TRACKING,37.164363861083984,11.356155395507812,-1.4121754169464111,3.7118887901306152,-5.6501569747924805,2.227715015411377,38.363976593928705,9.352199107098931,0.0324993407150661,2.957315909993148,-2.6933761398788567,-0.2298746244919895,2.746269591660827,2.3355751999575345,1.4446747576614771,3.9181219959710054,3.7799903299461146,TRACKING,10,0.05296754837036133,1.9241466522216797,,361,399,HORIZON_INSUFFICIENT,HORIZON_INSUFFICIENT,0.05165457725524902,0.008866310119628906,3.145905017852783,1789551519.834664,1.2217583656311035,False,0.09481541961051093,-1.0247756135443034,WARNING,0.015475326656842425,0.9999182820320129,20.17144012451172,20.169607162475586,20.377748489379883,20.29008674621582,0.004340855870395899,0.003616723930463195,0.0024845250882208347,20.015580861929465,0.0006243200041353703,0.0008094250079011545,0.20880921061351485,0.24892517441897716,0.11572104578502143
3.8874716758728027,1,MINCO_TRACKING,37.36796951293945,11.04122257232666,-1.296220064163208,3.592087984085083,-5.723129749298096,2.0597312450408936,38.544743238028765,9.187288533528205,0.01831836193675767,2.952309923560046,-2.6988635411613067,-0.2338217412885271,2.5592731573572802,2.1958751832187837,1.3145384260999657,3.8491411204979036,3.6630039208764393,TRACKING,10,0.052870988845825195,1.974116325378418,,361,400,HORIZON_INSUFFICIENT,HORIZON_INSUFFICIENT,0.05165457725524902,0.008866310119628906,3.145905017852783,1789551519.834664,1.1717886924743652,False,0.09481541961051093,-1.0040541243561965,WARNING,0.0687618170475322,0.9999182820320129,20.17144012451172,20.169607162475586,19.866994857788086,19.844505310058594,0.003610314102843404,0.003616723930463195,0.003714882070198655,20.007904314386593,0.0005694409919669852,0.0008094250079011545,0.20815268975953846,0.25289070585662893,0.11572104578502143
3.9264841079711914,1,MINCO_TRACKING,37.51020812988281,10.815231323242188,-1.2182328701019287,3.532891273498535,-5.740923881530762,1.9908802509307861,38.659784506063616,9.081969975673797,0.009167512699773929,2.9491909977634294,-2.7022704284694083,-0.23503354896464826,2.415001541065626,2.0798367108135154,1.2274003828017026,3.811668016008196,3.590008506930976,TRACKING,10,0.053209781646728516,2.0243849754333496,,361,401,HORIZON_INSUFFICIENT,HORIZON_INSUFFICIENT,0.05164217948913574,0.00884103775024414,3.145905017852783,1789551519.834664,1.1215200424194336,False,0.09481541961051093,-0.9789789130781132,WARNING,0.05687999775306479,0.9988241195678711,20.337398529052734,20.340879440307617,19.866994857788086,19.844505310058594,0.003610314102843404,0.003616723930463195,0.003714882070198655,20.005728454559787,0.0005759070045314729,0.000827141004265286,0.04594702228912911,0.14930061560597285,0.1608077026253431
3.9867477416992188,1,MINCO_TRACKING,37.734310150146484,10.454682350158691,-1.1050217151641846,3.4623422622680664,-5.725659370422363,1.757768154144287,38.83745882580263,8.91891110652464,-0.005024048477095556,2.9444476747973245,-2.707438993718823,-0.23544419365367855,2.1875843252529092,1.8909072725480713,1.099997666687089,3.65386979919841,3.382333488206769,TRACKING,10,0.05274009704589844,2.0741541385650635,,361,402,HORIZON_INSUFFICIENT,HORIZON_INSUFFICIENT,0.05164217948913574,0.00884103775024414,3.145905017852783,1789551519.834664,1.0717508792877197,False,0.09481541961051093,-0.9465327117502214,SAFE,0.15340671529777877,0.9988241195678711,20.337398529052734,20.340879440307617,20.291955947875977,20.303688049316406,0.0019667239394038916,0.003616723930463195,0.003714882070198655,20.027551405814062,0.0007220270053949207,0.000827141004265286,0.04460865909314257,0.14930061560597285,0.1608077026253431
4.026660442352295,1,MINCO_TRACKING,37.873558044433594,10.231842994689941,-1.0409674644470215,3.4443986415863037,-5.690499305725098,1.716779351234436,38.9548734588279,8.81079789890112,-0.014397109462673748,2.941379354092021,-2.710771327060774,-0.23438824076092613,2.0597230113306195,1.7856685553798013,1.0265703549843477,3.597062996734866,3.292317030210143,TRACKING,10,0.05297994613647461,2.1241540908813477,,361,403,HORIZON_INSUFFICIENT,HORIZON_INSUFFICIENT,0.05164217948913574,0.00884103775024414,3.145905017852783,1789551519.834664,1.0217509269714355,False,0.09481541961051093,-0.9152405890825586,WARNING,0.12398429359686985,0.9988241195678711,20.12407875061035,20.105754852294922,20.291955947875977,20.303688049316406,0.0019667239394038916,0.0027565481141209602,0.003714882070198655,19.99910057498956,0.0007504320092266425,0.000827141004265286,0.04460865909314257,0.15147032149918857,0.27788416334568694
4.0866382122039795,1,TERMINAL_MINCO,38.06913375854492,9.924683570861816,-0.9475263953208923,3.442056894302368,-5.628355503082275,1.860809326171875,39.13113783925891,8.6481045936104,-0.02837953654057117,2.9368468428098304,-2.7156819951790525,-0.2313176963867429,1.8979824816418014,1.6605741635390572,0.9191468587803212,3.621587999523185,3.2549114361158136,TRACKING,10,0.05272483825683594,2.1740152835845947,,361,404,HORIZON_INSUFFICIENT,HORIZON_INSUFFICIENT,0.05164217948913574,0.00884103775024414,3.145905017852783,1789551519.834664,0.9718897342681885,False,0.09481541961051093,-0.8758470717870241,BRAKE,-0.09411727327853442,0.9988241195678711,20.12407875061035,20.105754852294922,19.954362869262695,19.927194595336914,0.001353294006548822,0.0027565481141209602,0.002295359969139099,20.0124484248019,0.0004456589958863333,0.000827141004265286,0.04114141995960843,0.1511533655336983,0.22505053453849075
4.127328157424927,1,TERMINAL_MINCO,38.21015548706055,9.710261344909668,-0.8819342255592346,3.4592015743255615,-5.538931369781494,1.733337640762329,39.250410242209114,8.537667969143762,-0.037701118293280364,2.9338457334071544,-2.7189232473734277,-0.22791324087353318,1.780402965596052,1.5675156077370613,0.8442331072659542,3.4749028174543244,3.0942319171488295,TRACKING,10,0.05313682556152344,2.2243831157684326,,361,405,HORIZON_INSUFFICIENT,HORIZON_INSUFFICIENT,0.051659584045410156,0.006214141845703125,3.145905017852783,1789551519.834664,0.9215219020843506,True,0.09481541961051093,-0.8420506589178394,BRAKE,-0.04895829593181816,0.9993958473205566,20.19614028930664,20.196744918823242,19.954362869262695,19.927194595336914,0.001353294006548822,0.0027565481141209602,0.002295359969139099,19.99415317653824,0.00075417899643071,0.003261593999923207,0.03905627707667889,0.14991717271945487,0.24436443086515455
4.188714265823364,1,TERMINAL_MINCO,38.43942642211914,9.377866744995117,-0.7830019593238831,3.5053353309631348,-5.377370357513428,1.6264910697937012,39.43023867559519,8.370767825376696,-0.05150890707805581,2.929396532745467,-2.723717159119922,-0.22127015873569228,1.5909240211332527,1.4127834779381028,0.7314930522458273,3.2844790080457127,2.888109631581219,TRACKING,10,0.05278897285461426,2.2741172313690186,,361,406,HORIZON_INSUFFICIENT,HORIZON_INSUFFICIENT,0.051659584045410156,0.006214141845703125,3.145905017852783,1789551519.834664,0.8717877864837646,True,0.09481541961051093,-0.7933660107770741,BRAKE,-0.060066341168903914,0.9993958473205566,20.19614028930664,20.196744918823242,20.143552780151367,20.128246307373047,0.004115005023777485,0.0027565481141209602,0.0028345161117613316,19.996435901045317,0.0007365920027950779,0.003261593999923207,0.03669385468437248,0.1477982502916298,0.2624439673397554
4.226888418197632,1,TERMINAL_MINCO,38.58596420288086,9.178165435791016,-0.726809561252594,3.55380916595459,-5.246253967285156,1.4856877326965332,39.54223975884969,8.266497137653532,-0.0598461457897491,2.9266879400055927,-2.726626581059319,-0.21590150568376834,1.4800142642347245,1.321212331448806,0.6669634154628449,3.104385467951213,2.7240702861569694,TRACKING,10,0.052664995193481445,2.3240766525268555,,361,407,HORIZON_INSUFFICIENT,HORIZON_INSUFFICIENT,0.05148959159851074,0.007065534591674805,3.145905017852783,1789551519.834664,0.8218283653259277,True,0.09481541961051093,-0.7610727360508882,BRAKE,-0.007497206468879136,0.9999585151672363,20.388689041137695,20.36823844909668,20.143552780151367,20.128246307373047,0.004115005023777485,0.007769064977765083,0.0028345161117613316,20.012047390857198,0.0005834989860886708,0.0024813100026221946,0.03669385468437248,0.1477982502916298,0.2624439673397554
4.2867724895477295,1,TERMINAL_MINCO,38.79596710205078,8.909770965576172,-0.6574200391769409,3.631277322769165,-5.061005592346191,1.3385738134384155,39.71744940473596,8.103036186247898,-0.07252512663733586,2.9225185496813526,-2.7310957100750928,-0.20619815813861536,1.3572224198909064,1.2247247194124136,0.584894912539605,2.883945128136708,2.5318306107022637,TRACKING,10,0.05297422409057617,2.374163866043091,,361,408,HORIZON_INSUFFICIENT,HORIZON_INSUFFICIENT,0.05148959159851074,0.007065534591674805,3.145905017852783,1789551519.834664,0.7717411518096924,True,0.09481541961051093,-0.7194298877693583,WARNING,0.028277996356566193,0.9999585151672363,20.388689041137695,20.36823844909668,20.241378784179688,20.225107192993164,0.0041040461510419846,0.007769064977765083,0.0025120300706475973,20.01118331281787,0.0005505509907379746,0.0024813100026221946,0.03131387594213147,0.14078073168201574,0.29369112790256086
4.327982425689697,1,TERMINAL_MINCO,38.95012283325195,8.726875305175781,-0.614022433757782,3.6935245990753174,-4.919931888580322,1.228940725326538,39.83778702473129,7.990443799607314,-0.08083250259361906,2.9197194095024614,-2.7340874295171202,-0.19832372700544004,1.270657539199037,1.1533772493111294,0.5331899311641629,2.7228246890899324,2.4063186379159474,TRACKING,10,0.05293679237365723,2.424171209335327,,361,409,HORIZON_INSUFFICIENT,HORIZON_INSUFFICIENT,0.05167651176452637,0.007592439651489258,3.145905017852783,1789551519.834664,0.721733808517456,True,0.09481541961051093,-0.694934885017279,WARNING,0.05762226368557771,0.9997013211250305,20.26357650756836,20.208269119262695,20.241378784179688,20.225107192993164,0.0041040461510419846,0.007769064977765083,0.0025120300706475973,20.03099947394977,0.0005842960090376437,0.0020454920013435185,0.0283177080026587,0.14078073168201574,0.29369112790256086
4.386759042739868,1,TERMINAL_MINCO,39.20332717895508,8.448667526245117,-0.5505599975585938,3.7802371978759766,-4.714369297027588,1.180090069770813,40.00943750830263,7.829495152730071,-0.09217240600619989,2.915796537504688,-2.738271199645162,-0.18583298896643916,1.1150369838235332,1.0164587011802684,0.45838759155239384,2.553030972818725,2.283782612390568,TRACKING,10,0.052876949310302734,2.474128484725952,,361,410,HORIZON_INSUFFICIENT,HORIZON_INSUFFICIENT,0.05167651176452637,0.007592439651489258,3.145905017852783,1789551519.834664,0.671776533126831,True,0.09481541961051093,-0.6561886739752154,WARNING,0.025023972538635364,0.9997013211250305,20.26357650756836,20.208269119262695,19.98995018005371,20.017436981201172,0.004480475094169378,0.007769064977765083,0.0015116389840841293,20.00464296185622,0.0005650850071106106,0.0020454920013435185,0.0283177080026587,0.24690304023683823,0.37347601312178413
4.426344633102417,1,TERMINAL_MINCO,39.36560821533203,8.283714294433594,-0.5144758224487305,3.842601776123047,-4.568719863891602,1.089934229850769,40.12466887157394,7.721154509446862,-0.09929560691898219,2.913223027183122,-2.741008414946543,-0.17641133777294601,1.0319986448179284,0.9447997626686367,0.41518021552974826,2.40995956319317,2.1893569723666815,TRACKING,10,0.05302786827087402,2.524186372756958,,361,411,HORIZON_INSUFFICIENT,HORIZON_INSUFFICIENT,0.05173635482788086,0.007544279098510742,3.145905017852783,1789551519.834664,0.6217186450958252,True,0.09481541961051093,-0.6441646802590766,WARNING,0.04339436289103732,0.9990653991699219,20.28463363647461,20.284343719482422,19.98995018005371,20.017436981201172,0.004480475094169378,0.007769064977765083,0.0015116389840841293,19.992116723864573,0.0006546469958266243,0.002122156001860276,0.20302391880800622,0.24318912148589536,0.3274257105051375
4.486844301223755,1,TERMINAL_MINCO,39.59780502319336,8.063986778259277,-0.4679996371269226,3.9178354740142822,-4.384100914001465,1.0368586778640747,40.30089249038133,7.555135341016039,-0.10955584581114619,2.9093564966398526,-2.74511266141865,-0.1608776890695229,0.9390120996207301,0.8679065454882248,0.3584437913157764,2.266690262163302,2.1004751941142827,TRACKING,10,0.052805185317993164,2.5740549564361572,,361,412,HORIZON_INSUFFICIENT,HORIZON_INSUFFICIENT,0.05173635482788086,0.007544279098510742,3.145905017852783,1789551519.834664,0.571850061416626,True,0.09481541961051093,-0.6283028869403338,WARNING,0.027455651874904008,0.9990653991699219,20.28463363647461,20.284343719482422,19.775802612304688,19.78234100341797,0.0033717690967023373,0.007769064977765083,0.0025126629043370485,20.005117771951987,0.0005407199932960793,0.002122156001860276,0.01841513753883668,0.11665825873924221,0.3274257105051375
4.5263447761535645,1,TERMINAL_MINCO,39.76639938354492,7.913816452026367,-0.4365655183792114,3.967834711074829,-4.251837253570557,0.9834030270576477,40.41557925639964,7.446803646814901,-0.11563655201303492,2.9069001856292345,-2.747713089045842,-0.14984843822477384,0.8617023088074043,0.7997096145171375,0.3209289663661765,2.1615342822065986,2.0365221135496085,TRACKING,10,0.052889347076416016,2.6240904331207275,,361,413,HORIZON_INSUFFICIENT,HORIZON_INSUFFICIENT,0.05172896385192871,0.007966756820678711,3.145905017852783,1789551519.834664,0.5218145847320557,True,0.09481541961051093,-0.632176724402965,WARNING,0.025638761595335346,1.0008314847946167,20.25109100341797,20.255353927612305,19.775802612304688,19.78234100341797,0.0033717690967023373,0.0041864970698952675,0.0025126629043370485,20.003673826645887,0.0004863740032305941,0.001635765001992695,0.01484824700500882,0.11665825873924221,0.34016219738327985
4.587386131286621,1,TERMINAL_MINCO,40.040199279785156,7.684850692749023,-0.3884508013725281,4.028907775878906,-4.060330390930176,0.9531205296516418,40.593173036727755,7.2787288601210385,-0.12430791592200975,2.903165209251753,-2.751659651467951,-0.13180599277628818,0.7351777898838153,0.6860866700383601,0.26414288545051834,2.0388675753242187,1.9594736095041863,TRACKING,10,0.052649497985839844,2.6740097999572754,,361,414,HORIZON_INSUFFICIENT,HORIZON_INSUFFICIENT,0.05172896385192871,0.007966756820678711,3.145905017852783,1789551519.834664,0.4718952178955078,True,0.09481541961051093,-0.6352574310918206,BRAKE,-0.006205026883903508,1.0008314847946167,20.25109100341797,20.255353927612305,19.821338653564453,19.843608856201172,0.003454633057117462,0.0041864970698952675,0.0025126629043370485,20.000066757424975,0.0006284560076892376,0.001635765001992695,0.01484824700500882,0.23051565313432718,0.34016219738327985
4.627810955047607,1,TERMINAL_MINCO,40.21305847167969,7.547971248626709,-0.3591388463973999,4.061885833740234,-3.9429073333740234,0.8993536829948425,40.7103153360843,7.167581959815046,-0.12932132929620008,2.9007628334923345,-2.7541916330598553,-0.11911607906342314,0.6669156553918265,0.6260674087030479,0.22981751710119983,1.9489823739852312,1.8947122981384987,TRACKING,10,0.05287003517150879,2.724013328552246,,361,415,HORIZON_INSUFFICIENT,HORIZON_INSUFFICIENT,0.05173611640930176,0.008414506912231445,3.145905017852783,1789551519.834664,0.4218916893005371,True,0.09481541961051093,-0.6606635111825927,BRAKE,-0.007531615475104003,1.0016783475875854,20.144750595092773,20.141834259033203,19.821338653564453,19.843608856201172,0.003454633057117462,0.0041864970698952675,0.0025126629043370485,20.00418273645875,0.0006945850036572665,0.0011786589893745258,0.20065723680774303,0.09091767295936966,0.34461187651376396
4.686558485031128,1,TERMINAL_MINCO,40.45682907104492,7.3642168045043945,-0.32439935207366943,4.104436874389648,-3.7779018878936768,0.7229580283164978,40.880792267599574,7.005533858991823,-0.1358149907775988,2.897331782074189,-2.7578011947432777,-0.09991025815717676,0.5864829995488869,0.5553361571466537,0.18858436129607065,1.7818025549830037,1.7610756763349253,TRACKING,10,0.05279254913330078,2.7740395069122314,,361,416,HORIZON_INSUFFICIENT,HORIZON_INSUFFICIENT,0.05173611640930176,0.008414506912231445,3.145905017852783,1789551519.834664,0.37186551094055176,True,0.09481541961051093,-0.7035557840828499,WARNING,0.04142198568473915,1.0016783475875854,20.144750595092773,20.141834259033203,19.830013275146484,19.826446533203125,0.004399190191179514,0.0041864970698952675,0.0022322169970721006,20.0037724933725,0.0005233340052654967,0.0011786589893745258,0.20028398992880983,0.09091767295936966,0.3437746820409546
4.726660251617432,1,TERMINAL_MINCO,40.63166046142578,7.237729549407959,-0.30456894636154175,4.123728275299072,-3.677931785583496,0.6222620010375977,40.99687352833683,6.894932302729891,-0.13949127495251815,2.895053381954243,-2.7601924967537688,-0.0862527744438017,0.5273909121045435,0.5008897449266023,0.1650776714090236,1.6893432401004478,1.6691349367336954,TRACKING,10,0.05318927764892578,2.8243608474731445,,361,417,HORIZON_INSUFFICIENT,HORIZON_INSUFFICIENT,0.05229353904724121,0.008482694625854492,3.145905017852783,1789551519.834664,0.32154417037963867,True,0.09481541961051093,-0.753877124643763,WARNING,0.06378764661883907,0.9991419911384583,20.082382202148438,20.079381942749023,19.830013275146484,19.826446533203125,0.004399190191179514,0.00375372008420527,0.0022322169970721006,19.996827277583854,0.0003666820120997727,0.0016795699921203777,0.001097063299333826,0.21753285155400662,0.3437746820409546
4.786674737930298,1,TERMINAL_MINCO,40.91144561767578,7.041922092437744,-0.28142493963241577,4.139636516571045,-3.5448954105377197,0.46084755659103394,41.17032723781234,6.729375696717171,-0.14409439100068908,2.8917148795736725,-2.7636902920738637,-0.06529620385487059,0.42844442149471396,0.40583856731765783,0.1373305486317267,1.5634631770068927,1.492567993612609,TRACKING,10,0.05285930633544922,2.8740575313568115,,361,418,HORIZON_INSUFFICIENT,HORIZON_INSUFFICIENT,0.05229353904724121,0.008482694625854492,3.145905017852783,1789551519.834664,0.2718474864959717,True,0.09481541961051093,-0.80357380852743,WARNING,0.09982171206057544,0.9991419911384583,20.082382202148438,20.079381942749023,19.983264923095703,19.980844497680664,0.0021669180132448673,0.00375372008420527,0.0021165309008210897,20.00104307293906,0.0006286959978751838,0.0016795699921203777,0.004055919698359185,0.060200892487043765,0.3981209843181241
