time,uav_x,uav_y,uav_z,uav_vx,uav_vy,uav_vz,target_x,target_y,target_z,target_vx,target_vy,target_vz,prediction_model,estimated_turn_rate,distance,horizontal_distance,vertical_error,intercept_x,intercept_y,intercept_z,intercept_vx,intercept_vy,intercept_vz,intercept_ax,intercept_ay,intercept_az,t_go,guidance_altitude_reference,guidance_closing_speed,trajectory_plan_feasible,planned_closing_speed,planned_max_horizontal_speed,planned_max_vertical_speed,planned_max_horizontal_acceleration,planned_max_vertical_acceleration,uav_yaw,observation_yaw,command_vx,command_vy,command_vz,command_ax,command_ay,command_az,uav_ax,uav_ay,uav_az,terminal_mode,phase,intercept_elapsed_time,minimum_distance,relative_speed,closing_speed,constraint_violation,outcome,failure_reason,failure_detail
0.004341,0.050267,-0.009358,0.060705,0.001808,-0.012648,0.008853,20.000000,-0.000000,0.000000,0.000000,0.000000,0.000000,CV,0.000000,19.949827,19.949735,-0.060705,20.000000,-0.000000,0.000000,0.000000,0.000000,0.000000,-0.000000,0.000000,0.000000,1.997491,nan,0.000000,0,0.000000,0.000000,0.000000,0.000000,0.000000,0.131713,0.056713,0.001808,-0.012648,-0.041147,0.000000,0.000000,-1.000000,-0.015518,0.001283,0.014934,0,takeoff,,19.949827,0.015544,0.001775,0,,,
0.054159,0.049750,-0.009466,0.061801,0.001595,-0.012513,0.009458,20.000000,-0.000000,0.000000,0.000000,0.000000,0.000000,CV,0.000000,19.950348,19.950252,-0.061801,20.000000,-0.000000,0.000000,0.000000,0.000000,0.000000,-0.000000,0.000000,0.000000,1.997517,nan,0.000000,0,0.000000,0.000000,0.000000,0.000000,0.000000,0.131732,0.000474,0.000000,0.000000,-0.091147,-0.036161,0.252960,-1.000000,-0.006693,0.003701,0.010428,0,takeoff,,19.950348,0.015766,0.001560,0,,,
0.103984,0.049039,-0.009394,0.063690,0.001269,-0.012177,0.010153,20.000000,-0.000000,0.000000,0.000000,0.000000,0.000000,CV,0.000000,19.951065,19.950964,-0.063690,20.000000,-0.000000,0.000000,0.000000,0.000000,0.000000,-0.000000,0.000000,0.000000,1.997553,nan,0.000000,0,0.000000,0.000000,0.000000,0.000000,0.000000,0.131772,0.000471,0.000000,0.000000,-0.141147,0.000000,0.000000,-1.000000,-0.004641,0.006095,0.007390,0,takeoff,,19.951065,0.015905,0.001230,0,,,
0.154046,0.048665,-0.009173,0.064923,0.001061,-0.011711,0.010485,20.000000,-0.000000,0.000000,0.000000,0.000000,0.000000,CV,0.000000,19.951443,19.951337,-0.064923,20.000000,-0.000000,0.000000,0.000000,0.000000,0.000000,-0.000000,0.000000,0.000000,1.997572,nan,0.000000,0,0.000000,0.000000,0.000000,0.000000,0.000000,0.131790,0.000460,0.000000,0.000000,-0.191147,0.000000,0.000000,-1.000000,-0.003294,0.012907,0.005567,0,takeoff,,19.951443,0.015754,0.001022,0,,,
0.204011,0.048198,-0.008542,0.066528,0.000804,-0.010934,0.011020,20.000000,-0.000000,0.000000,0.000000,0.000000,0.000000,CV,0.000000,19.951915,19.951804,-0.066528,20.000000,-0.000000,0.000000,0.000000,0.000000,0.000000,-0.000000,0.000000,0.000000,1.997596,nan,0.000000,0,0.000000,0.000000,0.000000,0.000000,0.000000,0.131829,0.000428,0.000000,0.000000,-0.241147,0.000000,0.000000,-1.000000,-0.001742,0.016274,0.012883,0,takeoff,,19.951915,0.015544,0.000762,0,,,
0.254027,0.047999,-0.007862,0.067676,0.000825,-0.010063,0.011514,20.000000,-0.000000,0.000000,0.000000,0.000000,0.000000,CV,0.000000,19.952117,19.952002,-0.067676,20.000000,-0.000000,0.000000,0.000000,0.000000,0.000000,-0.000000,0.000000,0.000000,1.997606,nan,0.000000,0,0.000000,0.000000,0.000000,0.000000,0.000000,0.131863,0.000394,0.000000,0.000000,-0.291147,0.000000,0.000000,-1.000000,0.001483,0.020622,0.010648,0,takeoff,,19.952117,0.015314,0.000782,0,,,
0.304179,0.048038,-0.006593,0.069409,0.001103,-0.008844,0.011954,20.000000,-0.000000,0.000000,0.000000,0.000000,0.000000,CV,0.000000,19.952084,19.951963,-0.069409,20.000000,-0.000000,0.000000,0.000000,0.000000,0.000000,-0.000000,0.000000,0.000000,1.997604,nan,0.000000,0,0.000000,0.000000,0.000000,0.000000,0.000000,0.131912,0.000330,0.000000,0.000000,-0.341147,0.000000,0.000000,-1.000000,0.008060,0.018956,0.008269,0,takeoff,,19.952084,0.014911,0.001059,0,,,
0.353976,0.048306,-0.005592,0.070486,0.001600,-0.007995,0.012256,20.000000,-0.000000,0.000000,0.000000,0.000000,0.000000,CV,0.000000,19.951819,19.951695,-0.070486,20.000000,-0.000000,0.000000,0.000000,0.000000,0.000000,-0.000000,0.000000,0.000000,1.997591,nan,0.000000,0,0.000000,0.000000,0.000000,0.000000,0.000000,0.131973,0.000280,0.000000,0.000000,-0.391147,0.000000,0.000000,-1.000000,0.011321,0.024667,0.007776,0,takeoff,,19.951819,0.014721,0.001554,0,,,
0.403902,0.048930,-0.003998,0.071730,0.002284,-0.006665,0.012468,20.000000,-0.000000,0.000000,0.000000,0.000000,0.000000,CV,0.000000,19.951199,19.951070,-0.071730,20.000000,-0.000000,0.000000,0.000000,0.000000,0.000000,-0.000000,0.000000,0.000000,1.997560,nan,0.000000,0,0.000000,0.000000,0.000000,0.000000,0.000000,0.132029,0.000200,0.000000,0.000000,-0.441147,0.000000,0.000000,-1.000000,0.014182,0.024771,0.002488,0,takeoff,,19.951199,0.014321,0.002238,0,,,
0.454096,0.049565,-0.002761,0.072548,0.002840,-0.005620,0.012678,20.000000,-0.000000,0.000000,0.000000,0.000000,0.000000,CV,0.000000,19.950567,19.950435,-0.072548,20.000000,-0.000000,0.000000,0.000000,0.000000,0.000000,-0.000000,0.000000,0.000000,1.997528,nan,0.000000,0,0.000000,0.000000,0.000000,0.000000,0.000000,0.132078,0.000138,0.000000,0.000000,-0.491147,0.000000,0.000000,-1.000000,0.015358,0.025458,0.004546,0,takeoff,,19.950567,0.014156,0.002794,0,,,
0.504025,0.050709,-0.000794,0.073658,0.003630,-0.004192,0.012799,20.000000,-0.000000,0.000000,0.000000,0.000000,0.000000,CV,0.000000,19.949427,19.949291,-0.073658,20.000000,-0.000000,0.000000,0.000000,0.000000,0.000000,-0.000000,0.000000,0.000000,1.997471,nan,0.000000,0,0.000000,0.000000,0.000000,0.000000,0.000000,0.132117,0.000040,0.000000,0.000000,-0.541147,0.000000,0.000000,-1.000000,0.012926,0.022899,0.002264,0,takeoff,,19.949427,0.013949,0.003583,0,,,
0.554152,0.051416,0.000332,0.074275,0.004263,-0.003467,0.012992,20.000000,-0.000000,0.000000,0.000000,0.000000,0.000000,CV,0.000000,19.948722,19.948584,-0.074275,20.000000,-0.000000,0.000000,0.000000,0.000000,0.000000,-0.000000,0.000000,0.000000,1.997436,nan,0.000000,0,0.000000,0.000000,0.000000,0.000000,0.000000,0.132161,-0.000017,0.000000,0.000000,-0.591147,0.000000,0.000000,-1.000000,0.013437,0.017994,0.008216,0,takeoff,,19.948722,0.014106,0.004215,0,,,
0.603970,0.052309,0.001718,0.075176,0.004839,-0.002483,0.013092,20.000000,-0.000000,0.000000,0.000000,0.000000,0.000000,CV,0.000000,19.947833,19.947691,-0.075176,20.000000,-0.000000,0.000000,0.000000,0.000000,0.000000,-0.000000,0.000000,0.000000,1.997392,nan,0.000000,0,0.000000,0.000000,0.000000,0.000000,0.000000,0.132190,-0.000086,0.000000,0.000000,-0.641147,0.000000,0.000000,-1.000000,0.009782,0.014767,-0.007594,0,takeoff,,19.947833,0.014177,0.004790,0,,,
0.654064,0.052907,0.002579,0.075778,0.005123,-0.001952,0.013154,20.000000,-0.000000,0.000000,0.000000,0.000000,0.000000,CV,0.000000,19.947237,19.947093,-0.075778,20.000000,-0.000000,0.000000,0.000000,0.000000,0.000000,-0.000000,0.000000,0.000000,1.997362,nan,0.000000,0,0.000000,0.000000,0.000000,0.000000,0.000000,0.132199,-0.000129,0.000000,0.000000,-0.691147,0.000000,0.000000,-1.000000,0.013382,0.014596,-0.001654,0,takeoff,,19.947237,0.014251,0.005073,0,,,
0.703812,0.053808,0.003869,0.076812,0.005556,-0.001135,0.013304,20.000000,-0.000000,0.000000,0.000000,0.000000,0.000000,CV,0.000000,19.946341,19.946193,-0.076812,20.000000,-0.000000,0.000000,0.000000,0.000000,0.000000,-0.000000,0.000000,0.000000,1.997317,nan,0.000000,0,0.000000,0.000000,0.000000,0.000000,0.000000,0.132213,-0.000194,0.000000,0.000000,-0.741147,0.000000,0.000000,-1.000000,0.010040,0.013715,0.005913,0,takeoff,,19.946341,0.014462,0.005505,0,,,
0.754204,0.054361,0.004671,0.077530,0.005820,-0.000463,0.013610,20.000000,-0.000000,0.000000,0.000000,0.000000,0.000000,CV,0.000000,19.945791,19.945640,-0.077530,20.000000,-0.000000,0.000000,0.000000,0.000000,0.000000,-0.000000,0.000000,0.000000,1.997290,nan,0.000000,0,0.000000,0.000000,0.000000,0.000000,0.000000,0.132240,-0.000234,0.000000,0.000000,-0.791147,0.000000,0.000000,-1.000000,0.005282,0.018567,0.007262,0,takeoff,,19.945791,0.014809,0.005767,0,,,
0.804061,0.055358,0.005887,0.078727,0.006477,0.000192,0.014102,20.000000,-0.000000,0.000000,0.000000,0.000000,0.000000,CV,0.000000,19.944798,19.944643,-0.078727,20.000000,-0.000000,0.000000,0.000000,0.000000,0.000000,-0.000000,0.000000,0.000000,1.997240,nan,0.000000,0,0.000000,0.000000,0.000000,0.000000,0.000000,0.132268,-0.000295,0.000000,0.000000,-0.841147,0.000000,0.000000,-1.000000,0.008003,0.010032,0.008061,0,takeoff,,19.944798,0.015520,0.006421,0,,,
0.854188,0.055924,0.006525,0.079316,0.006846,0.000569,0.014282,20.000000,-0.000000,0.000000,0.000000,0.000000,0.000000,CV,0.000000,19.944234,19.944077,-0.079316,20.000000,-0.000000,0.000000,0.000000,0.000000,0.000000,-0.000000,0.000000,0.000000,1.997212,nan,0.000000,0,0.000000,0.000000,0.000000,0.000000,0.000000,0.132260,-0.000327,0.000000,0.000000,-0.891147,0.000000,0.000000,-1.000000,0.011035,0.015238,0.004077,0,takeoff,,19.944234,0.015849,0.006789,0,,,
0.904037,0.057332,0.008083,0.080636,0.007856,0.001452,0.014631,20.000000,-0.000000,0.000000,0.000000,0.000000,0.000000,CV,0.000000,19.942833,19.942670,-0.080636,20.000000,-0.000000,0.000000,0.000000,0.000000,0.000000,-0.000000,0.000000,0.000000,1.997142,nan,0.000000,0,0.000000,0.000000,0.000000,0.000000,0.000000,0.132293,-0.000405,0.000000,0.000000,-0.941147,0.000000,0.000000,-1.000000,0.017143,0.014821,-0.000269,0,takeoff,,19.942833,0.016670,0.007796,0,,,
0.953963,0.058351,0.009212,0.081483,0.008526,0.002350,0.014779,20.000000,-0.000000,0.000000,0.000000,0.000000,0.000000,CV,0.000000,19.941818,19.941651,-0.081483,20.000000,-0.000000,0.000000,0.000000,0.000000,0.000000,-0.000000,0.000000,0.000000,1.997091,nan,0.000000,0,0.000000,0.000000,0.000000,0.000000,0.000000,0.132307,-0.000462,0.000000,0.000000,-0.991147,0.000000,0.000000,-1.000000,0.018145,0.022315,0.006508,0,takeoff,,19.941818,0.017224,0.008465,0,,,
1.003859,0.059722,0.010923,0.082630,0.009322,0.003482,0.015217,20.000000,-0.000000,0.000000,0.000000,0.000000,0.000000,CV,0.000000,19.940452,19.940281,-0.082630,20.000000,-0.000000,0.000000,0.000000,0.000000,0.000000,-0.000000,0.000000,0.000000,1.997023,nan,0.000000,0,0.000000,0.000000,0.000000,0.000000,0.000000,0.132347,-0.000548,0.000000,0.000000,-1.041147,0.000000,0.000000,-1.000000,0.012554,0.017284,0.010814,0,takeoff,,19.940452,0.018182,0.009257,0,,,
1.053887,0.060581,0.012202,0.083278,0.009782,0.004533,0.015286,20.000000,-0.000000,0.000000,0.000000,0.000000,0.000000,CV,0.000000,19.939597,19.939423,-0.083278,20.000000,-0.000000,0.000000,0.000000,0.000000,0.000000,-0.000000,0.000000,0.000000,1.996980,nan,0.000000,0,0.000000,0.000000,0.000000,0.000000,0.000000,0.132380,-0.000612,0.000000,0.000000,-1.091147,0.000000,0.000000,-1.000000,0.007772,0.028323,0.000517,0,takeoff,,19.939597,0.018706,0.009715,0,,,
1.103914,0.061670,0.014266,0.084149,0.010384,0.005852,0.015450,20.000000,-0.000000,0.000000,0.000000,0.000000,0.000000,CV,0.000000,19.938513,19.938335,-0.084149,20.000000,-0.000000,0.000000,0.000000,0.000000,0.000000,-0.000000,0.000000,0.000000,1.996926,nan,0.000000,0,0.000000,0.000000,0.000000,0.000000,0.000000,0.132422,-0.000716,0.000000,0.000000,-1.141147,0.000000,0.000000,-1.000000,0.012670,0.021091,-0.000442,0,takeoff,,19.938513,0.019513,0.010315,0,,,
1.154273,0.062168,0.015550,0.084700,0.010621,0.006530,0.015358,20.000000,-0.000000,0.000000,0.000000,0.000000,0.000000,CV,0.000000,19.938018,19.937838,-0.084700,20.000000,-0.000000,0.000000,0.000000,0.000000,0.000000,-0.000000,0.000000,0.000000,1.996901,nan,0.000000,0,0.000000,0.000000,0.000000,0.000000,0.000000,0.132430,-0.000780,0.000000,0.000000,-1.191147,0.000000,0.000000,-1.000000,0.008321,0.017696,-0.001113,0,takeoff,,19.938018,0.019782,0.010551,0,,,
1.204021,0.062724,0.017214,0.085514,0.010777,0.007471,0.015572,20.000000,-0.000000,0.000000,0.000000,0.000000,0.000000,CV,0.000000,19.937467,19.937284,-0.085514,20.000000,-0.000000,0.000000,0.000000,0.000000,0.000000,-0.000000,0.000000,0.000000,1.996873,nan,0.000000,0,0.000000,0.000000,0.000000,0.000000,0.000000,0.132485,-0.000863,0.000000,0.000000,-1.241147,0.000000,0.000000,-1.000000,0.001256,0.018967,0.004332,0,takeoff,,19.937467,0.020358,0.010703,0,,,
1.254057,0.063047,0.018230,0.086072,0.010788,0.007854,0.015502,20.000000,-0.000000,0.000000,0.000000,0.000000,0.000000,CV,0.000000,19.937147,19.936961,-0.086072,20.000000,-0.000000,0.000000,0.000000,0.000000,0.000000,-0.000000,0.000000,0.000000,1.996857,nan,0.000000,0,0.000000,0.000000,0.000000,0.000000,0.000000,0.132501,-0.000914,0.000000,0.000000,-1.291147,0.000000,0.000000,-1.000000,-0.004363,0.008014,-0.001089,0,takeoff,,19.937147,0.020454,0.010714,0,,,
1.303847,0.063505,0.019495,0.086589,0.011071,0.008313,0.015570,20.000000,-0.000000,0.000000,0.000000,0.000000,0.000000,CV,0.000000,19.936692,19.936504,-0.086589,20.000000,-0.000000,0.000000,0.000000,0.000000,0.000000,-0.000000,0.000000,0.000000,1.996835,nan,0.000000,0,0.000000,0.000000,0.000000,0.000000,0.000000,0.132499,-0.000978,0.000000,0.000000,-1.341147,0.000000,0.000000,-1.000000,0.001947,0.006782,0.003250,0,takeoff,,19.936692,0.020836,0.010996,0,,,
1.354059,0.063801,0.020131,0.086850,0.011189,0.008568,0.015503,20.000000,-0.000000,0.000000,0.000000,0.000000,0.000000,CV,0.000000,19.936399,19.936209,-0.086850,20.000000,-0.000000,0.000000,0.000000,0.000000,0.000000,-0.000000,0.000000,0.000000,1.996820,nan,0.000000,0,0.000000,0.000000,0.000000,0.000000,0.000000,0.132510,-0.001010,0.000000,0.000000,-1.391147,0.000000,0.000000,-1.000000,0.003150,0.005307,-0.000622,0,takeoff,,19.936399,0.020951,0.011113,0,,,
1.403882,0.064266,0.020873,0.087159,0.011425,0.008577,0.015245,20.000000,-0.000000,0.000000,0.000000,0.000000,0.000000,CV,0.000000,19.935935,19.935745,-0.087159,20.000000,-0.000000,0.000000,0.000000,0.000000,0.000000,-0.000000,0.000000,0.000000,1.996797,nan,0.000000,0,0.000000,0.000000,0.000000,0.000000,0.000000,0.132495,-0.001047,0.000000,0.000000,-1.441147,0.000000,0.000000,-1.000000,0.000910,0.001555,-0.005544,0,takeoff,,19.935935,0.020893,0.011349,0,,,
1.454107,0.064573,0.021370,0.087344,0.011526,0.008653,0.015236,20.000000,-0.000000,0.000000,0.000000,0.000000,0.000000,CV,0.000000,19.935630,19.935439,-0.087344,20.000000,-0.000000,0.000000,0.000000,0.000000,0.000000,-0.000000,0.000000,0.000000,1.996782,nan,0.000000,0,0.000000,0.000000,0.000000,0.000000,0.000000,0.132474,-0.001072,0.000000,0.000000,-1.491147,0.000000,0.000000,-1.000000,0.004818,0.000799,-0.000593,0,takeoff,,19.935630,0.020973,0.011450,0,,,
1.504032,0.064968,0.022053,0.087664,0.011536,0.008672,0.015015,20.000000,-0.000000,0.000000,0.000000,0.000000,0.000000,CV,0.000000,19.935237,19.935044,-0.087664,20.000000,-0.000000,0.000000,0.000000,0.000000,0.000000,-0.000000,0.000000,0.000000,1.996762,nan,0.000000,0,0.000000,0.000000,0.000000,0.000000,0.000000,0.132466,-0.001106,0.000000,0.000000,-1.500000,0.000000,0.000000,-0.177051,0.001503,0.002081,-0.000490,0,takeoff,,19.935237,0.020826,0.011460,0,,,
1.554017,0.065113,0.022391,0.087814,0.011628,0.008769,0.014738,20.000000,-0.000000,0.000000,0.000000,0.000000,0.000000,CV,0.000000,19.935093,19.934900,-0.087814,20.000000,-0.000000,0.000000,0.000000,0.000000,0.000000,-0.000000,0.000000,0.000000,1.996755,nan,0.000000,0,0.000000,0.000000,0.000000,0.000000,0.000000,0.132479,-0.001123,0.000000,0.000000,-1.500000,0.000000,0.000000,0.000000,0.003923,0.004534,-0.008098,0,takeoff,,19.935093,0.020720,0.011553,0,,,
1.603811,0.065099,0.022846,0.088007,0.011476,0.008813,0.014426,20.000000,-0.000000,0.000000,0.000000,0.000000,0.000000,CV,0.000000,19.935108,19.934914,-0.088007,20.000000,-0.000000,0.000000,0.000000,0.000000,0.000000,-0.000000,0.000000,0.000000,1.996755,nan,0.000000,0,0.000000,0.000000,0.000000,0.000000,0.000000,0.132457,-0.001146,0.000000,0.000000,-1.500000,0.000000,0.000000,0.000000,-0.003527,0.000873,-0.006201,0,takeoff,,19.935108,0.020432,0.011402,0,,,
1.654056,0.065007,0.023117,0.088123,0.011398,0.008738,0.014169,20.000000,-0.000000,0.000000,0.000000,0.000000,0.000000,CV,0.000000,19.935201,19.935007,-0.088123,20.000000,-0.000000,0.000000,0.000000,0.000000,0.000000,-0.000000,0.000000,0.000000,1.996760,nan,0.000000,0,0.000000,0.000000,0.000000,0.000000,0.000000,0.132468,-0.001160,0.000000,0.000000,-1.500000,0.000000,0.000000,0.000000,-0.005182,0.002213,-0.005053,0,takeoff,,19.935201,0.020174,0.011325,0,,,
1.704009,0.064760,0.023362,0.088094,0.011117,0.008697,0.013768,20.000000,-0.000000,0.000000,0.000000,0.000000,0.000000,CV,0.000000,19.935448,19.935253,-0.088094,20.000000,-0.000000,0.000000,0.000000,0.000000,0.000000,-0.000000,0.000000,0.000000,1.996772,nan,0.000000,0,0.000000,0.000000,0.000000,0.000000,0.000000,0.132469,-0.001172,0.000000,0.000000,-1.500000,0.000000,0.000000,0.000000,-0.005132,-0.005760,-0.008697,0,takeoff,,19.935448,0.019718,0.011045,0,,,
1.754089,0.064606,0.023445,0.087943,0.010836,0.008541,0.013544,20.000000,-0.000000,0.000000,0.000000,0.000000,0.000000,CV,0.000000,19.935601,19.935407,-0.087943,20.000000,-0.000000,0.000000,0.000000,0.000000,0.000000,-0.000000,0.000000,0.000000,1.996780,nan,0.000000,0,0.000000,0.000000,0.000000,0.000000,0.000000,0.132455,-0.001176,0.000000,0.000000,-1.500000,0.000000,0.000000,0.000000,-0.008659,-0.005811,-0.005731,0,takeoff,,19.935601,0.019334,0.010766,0,,,
1.804048,0.064331,0.023515,0.087445,0.010639,0.008228,0.012972,20.000000,-0.000000,0.000000,0.000000,0.000000,0.000000,CV,0.000000,19.935875,19.935683,-0.087445,20.000000,-0.000000,0.000000,0.000000,0.000000,0.000000,-0.000000,0.000000,0.000000,1.996794,nan,0.000000,0,0.000000,0.000000,0.000000,0.000000,0.000000,0.132459,-0.001180,0.000000,0.000000,-1.500000,0.000000,0.000000,0.000000,-0.007692,-0.006618,-0.008624,0,takeoff,,19.935875,0.018686,0.010572,0,,,
1.854112,0.064051,0.023454,0.086988,0.010388,0.007814,0.012784,20.000000,-0.000000,0.000000,0.000000,0.000000,0.000000,CV,0.000000,19.936152,19.935963,-0.086988,20.000000,-0.000000,0.000000,0.000000,0.000000,0.000000,-0.000000,0.000000,0.000000,1.996808,nan,0.000000,0,0.000000,0.000000,0.000000,0.000000,0.000000,0.132456,-0.001176,0.000000,0.000000,-1.500000,0.000000,0.000000,0.000000,-0.007410,-0.012470,-0.004405,0,takeoff,,19.936152,0.018231,0.010323,0,,,
1.904267,0.063439,0.023033,0.086234,0.009913,0.007115,0.012337,20.000000,-0.000000,0.000000,0.000000,0.000000,0.000000,CV,0.000000,19.936761,19.936575,-0.086234,20.000000,-0.000000,0.000000,0.000000,0.000000,0.000000,-0.000000,0.000000,0.000000,1.996838,nan,0.000000,0,0.000000,0.000000,0.000000,0.000000,0.000000,0.132430,-0.001155,0.000000,0.000000,-1.500000,0.000000,0.000000,0.000000,-0.005141,-0.008540,-0.008660,0,takeoff,,19.936761,0.017352,0.009852,0,,,
1.954091,0.063081,0.022596,0.085822,0.009669,0.006476,0.011886,20.000000,-0.000000,0.000000,0.000000,0.000000,0.000000,CV,0.000000,19.937116,19.936931,-0.085822,20.000000,-0.000000,0.000000,0.000000,0.000000,0.000000,-0.000000,0.000000,0.000000,1.996856,nan,0.000000,0,0.000000,0.000000,0.000000,0.000000,0.000000,0.132399,-0.001133,0.000000,0.000000,-1.500000,0.000000,0.000000,0.000000,-0.003647,-0.015052,-0.009379,0,takeoff,,19.937116,0.016635,0.009610,0,,,
2.004229,0.062655,0.021782,0.085317,0.009560,0.005530,0.011318,20.000000,-0.000000,0.000000,0.000000,0.000000,0.000000,CV,0.000000,19.937540,19.937357,-0.085317,20.000000,-0.000000,0.000000,0.000000,0.000000,0.000000,-0.000000,0.000000,0.000000,1.996877,nan,0.000000,0,0.000000,0.000000,0.000000,0.000000,0.000000,0.132347,-0.001093,0.000000,0.000000,-1.500000,0.000000,0.000000,0.000000,-0.002376,-0.014274,-0.009461,0,takeoff,,19.937540,0.015814,0.009506,0,,,
2.054342,0.062412,0.021183,0.084983,0.009419,0.004891,0.010965,20.000000,-0.000000,0.000000,0.000000,0.000000,0.000000,CV,0.000000,19.937780,19.937599,-0.084983,20.000000,-0.000000,0.000000,0.000000,0.000000,0.000000,-0.000000,0.000000,0.000000,1.996889,nan,0.000000,0,0.000000,0.000000,0.000000,0.000000,0.000000,0.132321,-0.001062,0.000000,0.000000,-1.500000,0.000000,0.000000,0.000000,-0.003580,-0.012066,-0.007452,0,takeoff,,19.937780,0.015260,0.009367,0,,,
2.103968,0.062118,0.020219,0.084514,0.009352,0.004050,0.010209,20.000000,-0.000000,0.000000,0.000000,0.000000,0.000000,CV,0.000000,19.938071,19.937892,-0.084514,20.000000,-0.000000,0.000000,0.000000,0.000000,0.000000,-0.000000,0.000000,0.000000,1.996904,nan,0.000000,0,0.000000,0.000000,0.000000,0.000000,0.000000,0.132297,-0.001014,0.000000,0.000000,-1.500000,0.000000,0.000000,0.000000,-0.002297,-0.012692,-0.008398,0,takeoff,,19.938071,0.014425,0.009305,0,,,
2.154280,0.061927,0.019596,0.084223,0.009260,0.003536,0.009964,20.000000,-0.000000,0.000000,0.000000,0.000000,0.000000,CV,0.000000,19.938261,19.938083,-0.084223,20.000000,-0.000000,0.000000,0.000000,0.000000,0.000000,-0.000000,0.000000,0.000000,1.996913,nan,0.000000,0,0.000000,0.000000,0.000000,0.000000,0.000000,0.132282,-0.000983,0.000000,0.000000,-1.500000,0.000000,0.000000,0.000000,-0.006091,-0.014723,-0.005206,0,takeoff,,19.938261,0.014055,0.009215,0,,,
2.203907,0.061446,0.018688,0.083849,0.008889,0.002767,0.009813,20.000000,-0.000000,0.000000,0.000000,0.000000,0.000000,CV,0.000000,19.938739,19.938563,-0.083849,20.000000,-0.000000,0.000000,0.000000,0.000000,0.000000,-0.000000,0.000000,0.000000,1.996937,nan,0.000000,0,0.000000,0.000000,0.000000,0.000000,0.000000,0.132259,-0.000937,0.000000,0.000000,-1.500000,0.000000,0.000000,0.000000,-0.005482,-0.013762,0.000304,0,takeoff,,19.938739,0.013527,0.008845,0,,,
2.253965,0.060962,0.018050,0.083635,0.008486,0.002272,0.009586,20.000000,-0.000000,0.000000,0.000000,0.000000,0.000000,CV,0.000000,19.939221,19.939046,-0.083635,20.000000,-0.000000,0.000000,0.000000,0.000000,0.000000,-0.000000,0.000000,0.000000,1.996961,nan,0.000000,0,0.000000,0.000000,0.000000,0.000000,0.000000,0.132237,-0.000905,0.000000,0.000000,-1.500000,0.000000,0.000000,0.000000,-0.009796,-0.010334,-0.004200,0,takeoff,,19.939221,0.013003,0.008444,0,,,
2.304007,0.060071,0.017018,0.083321,0.007832,0.001490,0.009338,20.000000,-0.000000,0.000000,0.000000,0.000000,0.000000,CV,0.000000,19.940110,19.939936,-0.083321,20.000000,-0.000000,0.000000,0.000000,0.000000,0.000000,-0.000000,0.000000,0.000000,1.997006,nan,0.000000,0,0.000000,0.000000,0.000000,0.000000,0.000000,0.132224,-0.000853,0.000000,0.000000,-1.500000,0.000000,0.000000,0.000000,-0.011202,-0.014853,-0.001450,0,takeoff,,19.940110,0.012278,0.007791,0,,,
2.354044,0.059521,0.016412,0.083102,0.007540,0.001092,0.009224,20.000000,-0.000000,0.000000,0.000000,0.000000,0.000000,CV,0.000000,19.940659,19.940486,-0.083102,20.000000,-0.000000,0.000000,0.000000,0.000000,0.000000,-0.000000,0.000000,0.000000,1.997033,nan,0.000000,0,0.000000,0.000000,0.000000,0.000000,0.000000,0.132220,-0.000823,0.000000,0.000000,-1.500000,0.000000,0.000000,0.000000,-0.008984,-0.012487,-0.004404,0,takeoff,,19.940659,0.011964,0.007501,0,,,
2.404126,0.058877,0.015721,0.082850,0.007232,0.000614,0.009082,20.000000,-0.000000,0.000000,0.000000,0.000000,0.000000,CV,0.000000,19.941302,19.941129,-0.082850,20.000000,-0.000000,0.000000,0.000000,0.000000,0.000000,-0.000000,0.000000,0.000000,1.997065,nan,0.000000,0,0.000000,0.000000,0.000000,0.000000,0.000000,0.132207,-0.000788,0.000000,0.000000,-1.500000,0.000000,0.000000,0.000000,-0.004476,-0.011667,-0.001581,0,takeoff,,19.941302,0.011626,0.007194,0,,,
2.453931,0.058436,0.015249,0.082662,0.006882,0.000230,0.008826,20.000000,-0.000000,0.000000,0.000000,0.000000,0.000000,CV,0.000000,19.941741,19.941570,-0.082662,20.000000,-0.000000,0.000000,0.000000,0.000000,0.000000,-0.000000,0.000000,0.000000,1.997087,nan,0.000000,0,0.000000,0.000000,0.000000,0.000000,0.000000,0.132199,-0.000765,0.000000,0.000000,-1.500000,0.000000,0.000000,0.000000,-0.007771,-0.010174,-0.010018,0,takeoff,,19.941741,0.011194,0.006845,0,,,
2.503978,0.057588,0.014268,0.082138,0.006392,-0.000445,0.008515,20.000000,-0.000000,0.000000,0.000000,0.000000,0.000000,CV,0.000000,19.942586,19.942417,-0.082138,20.000000,-0.000000,0.000000,0.000000,0.000000,0.000000,-0.000000,0.000000,0.000000,1.997129,nan,0.000000,0,0.000000,0.000000,0.000000,0.000000,0.000000,0.132184,-0.000715,0.000000,0.000000,-1.500000,0.000000,0.000000,0.000000,-0.009423,-0.009027,-0.005209,0,takeoff,,19.942586,0.010657,0.006357,0,,,
2.554168,0.056943,0.013572,0.081643,0.005873,-0.000882,0.008349,20.000000,-0.000000,0.000000,0.000000,0.000000,0.000000,CV,0.000000,19.943228,19.943061,-0.081643,20.000000,-0.000000,0.000000,0.000000,0.000000,0.000000,-0.000000,0.000000,0.000000,1.997161,nan,0.000000,0,0.000000,0.000000,0.000000,0.000000,0.000000,0.132202,-0.000681,0.000000,0.000000,-1.500000,0.000000,0.000000,0.000000,-0.012879,-0.011813,-0.003582,0,takeoff,,19.943228,0.010246,0.005840,0,,,
2.603931,0.055902,0.012427,0.080729,0.005099,-0.001771,0.007949,20.000000,-0.000000,0.000000,0.000000,0.000000,0.000000,CV,0.000000,19.944265,19.944101,-0.080729,20.000000,-0.000000,0.000000,0.000000,0.000000,0.000000,-0.000000,0.000000,0.000000,1.997213,nan,0.000000,0,0.000000,0.000000,0.000000,0.000000,0.000000,0.132202,-0.000623,0.000000,0.000000,-1.500000,0.000000,0.000000,0.000000,-0.014064,-0.013647,-0.009860,0,takeoff,,19.944265,0.009608,0.005068,0,,,
2.653953,0.055114,0.011533,0.079968,0.004676,-0.002484,0.007610,20.000000,-0.000000,0.000000,0.000000,0.000000,0.000000,CV,0.000000,19.945050,19.944890,-0.079968,20.000000,-0.000000,0.000000,0.000000,0.000000,0.000000,-0.000000,0.000000,0.000000,1.997252,nan,0.000000,0,0.000000,0.000000,0.000000,0.000000,0.000000,0.132200,-0.000578,0.000000,0.000000,-1.500000,0.000000,0.000000,0.000000,-0.009323,-0.019111,-0.010902,0,takeoff,,19.945050,0.009271,0.004647,0,,,
2.703943,0.053816,0.010101,0.078458,0.003896,-0.003397,0.007119,20.000000,-0.000000,0.000000,0.000000,0.000000,0.000000,CV,0.000000,19.946341,19.946187,-0.078458,20.000000,-0.000000,0.000000,0.000000,0.000000,0.000000,-0.000000,0.000000,0.000000,1.997317,nan,0.000000,0,0.000000,0.000000,0.000000,0.000000,0.000000,0.132198,-0.000506,0.000000,0.000000,-1.500000,0.000000,0.000000,0.000000,-0.009360,-0.018316,-0.006462,0,takeoff,,19.946341,0.008797,0.003870,0,,,
2.754075,0.053016,0.009162,0.077413,0.003430,-0.003904,0.006885,20.000000,-0.000000,0.000000,0.000000,0.000000,0.000000,CV,0.000000,19.947136,19.946986,-0.077413,20.000000,-0.000000,0.000000,0.000000,0.000000,0.000000,-0.000000,0.000000,0.000000,1.997357,nan,0.000000,0,0.000000,0.000000,0.000000,0.000000,0.000000,0.132181,-0.000459,0.000000,0.000000,-1.500000,0.000000,0.000000,0.000000,-0.013374,-0.015050,-0.005679,0,takeoff,,19.947136,0.008626,0.003405,0,,,
2.803937,0.051984,0.007751,0.075870,0.002783,-0.004674,0.006384,20.000000,-0.000000,0.000000,0.000000,0.000000,0.000000,CV,0.000000,19.948162,19.948018,-0.075870,20.000000,-0.000000,0.000000,0.000000,0.000000,0.000000,-0.000000,0.000000,0.000000,1.997408,nan,0.000000,0,0.000000,0.000000,0.000000,0.000000,0.000000,0.132159,-0.000389,0.000000,0.000000,-1.500000,0.000000,0.000000,0.000000,-0.011086,-0.013864,-0.007326,0,takeoff,,19.948162,0.008388,0.002761,0,,,
2.854152,0.051277,0.006690,0.074731,0.002549,-0.005189,0.006014,20.000000,-0.000000,0.000000,0.000000,0.000000,0.000000,CV,0.000000,19.948864,19.948724,-0.074731,20.000000,-0.000000,0.000000,0.000000,0.000000,0.000000,-0.000000,0.000000,0.000000,1.997443,nan,0.000000,0,0.000000,0.000000,0.000000,0.000000,0.000000,0.132146,-0.000335,0.000000,0.000000,-1.500000,0.000000,0.000000,0.000000,-0.003495,-0.014207,-0.011170,0,takeoff,,19.948864,0.008342,0.002529,0,,,
2.903980,0.050358,0.004954,0.072895,0.002161,-0.006102,0.005497,20.000000,-0.000000,0.000000,0.000000,0.000000,0.000000,CV,0.000000,19.949776,19.949643,-0.072895,20.000000,-0.000000,0.000000,0.000000,0.000000,0.000000,-0.000000,0.000000,0.000000,1.997489,nan,0.000000,0,0.000000,0.000000,0.000000,0.000000,0.000000,0.132131,-0.000248,0.000000,0.000000,-1.500000,0.000000,0.000000,0.000000,-0.009318,-0.017434,-0.007833,0,takeoff,,19.949776,0.008493,0.002142,0,,,
2.954153,0.049874,0.003925,0.071878,0.001991,-0.006444,0.005147,20.000000,-0.000000,0.000000,0.000000,0.000000,0.000000,CV,0.000000,19.950256,19.950127,-0.071878,20.000000,-0.000000,0.000000,0.000000,0.000000,0.000000,-0.000000,0.000000,0.000000,1.997513,nan,0.000000,0,0.000000,0.000000,0.000000,0.000000,0.000000,0.132136,-0.000197,0.000000,0.000000,-1.500000,0.000000,0.000000,0.000000,-0.004142,-0.009893,-0.006559,0,takeoff,,19.950256,0.008484,0.001974,0,,,
3.003932,0.049396,0.002621,0.070455,0.001723,-0.006866,0.004753,20.000000,-0.000000,0.000000,0.000000,0.000000,0.000000,CV,0.000000,19.950728,19.950604,-0.070455,20.000000,-0.000000,0.000000,0.000000,0.000000,0.000000,-0.000000,0.000000,0.000000,1.997536,nan,0.000000,0,0.000000,0.000000,0.000000,0.000000,0.000000,0.132126,-0.000131,0.000000,0.000000,-1.500000,0.000000,0.000000,0.000000,-0.000864,-0.004771,-0.004634,0,takeoff,,19.950728,0.008526,0.001707,0,,,
3.053988,0.049230,0.001793,0.069457,0.004607,-0.006756,0.002891,20.000000,-0.000000,0.000000,0.000000,0.000000,0.000000,CV,0.000000,19.950891,19.950770,-0.069457,20.000000,-0.000000,0.000000,0.000000,0.000000,0.000000,-0.000000,0.000000,0.000000,1.997545,nan,0.000000,0,0.000000,0.000000,0.000000,0.000000,0.000000,0.132125,-0.000090,0.000000,0.000000,-1.500000,0.000000,0.000000,0.000000,0.114557,0.007914,-0.067912,0,takeoff,,19.950891,0.008673,0.004598,0,,,
3.104338,0.049773,0.000879,0.067597,0.014974,-0.005331,-0.013863,20.000000,-0.000000,0.000000,0.000000,0.000000,0.000000,CV,0.000000,19.950341,19.950227,-0.067597,20.000000,-0.000000,0.000000,0.000000,0.000000,0.000000,-0.000000,0.000000,0.000000,1.997517,nan,0.000000,0,0.000000,0.000000,0.000000,0.000000,0.000000,0.131387,-0.000044,0.000000,0.000000,-1.500000,0.000000,0.000000,0.000000,0.104856,0.019751,-0.425998,0,takeoff,,19.950341,0.021091,0.015021,0,,,
3.154222,0.050452,0.000567,0.065492,0.017947,-0.004475,-0.043375,20.000000,-0.000000,0.000000,0.000000,0.000000,0.000000,CV,0.000000,19.949655,19.949548,-0.065492,20.000000,-0.000000,0.000000,0.000000,0.000000,0.000000,-0.000000,0.000000,0.000000,1.997483,nan,0.000000,0,0.000000,0.000000,0.000000,0.000000,0.000000,0.128290,-0.000028,0.000000,0.000000,-1.500000,0.000000,0.000000,0.000000,0.086933,0.022562,-0.816387,0,takeoff,,19.949655,0.047154,0.018089,0,,,
3.204086,0.051788,0.000437,0.059739,0.026955,-0.003441,-0.108741,20.000000,-0.000000,0.000000,0.000000,0.000000,0.000000,CV,0.000000,19.948301,19.948212,-0.059739,20.000000,-0.000000,0.000000,0.000000,0.000000,0.000000,-0.000000,0.000000,0.000000,1.997415,nan,0.000000,0,0.000000,0.000000,0.000000,0.000000,0.000000,0.119601,-0.000022,0.000000,0.000000,-1.500000,0.000000,0.000000,0.000000,0.198526,0.017474,-1.323593,0,takeoff,,19.948301,0.112085,0.027280,0,,,
3.253978,0.053070,0.000509,0.052772,0.036775,-0.002634,-0.166596,20.000000,-0.000000,0.000000,0.000000,0.000000,0.000000,CV,0.000000,19.947000,19.946930,-0.052772,20.000000,-0.000000,0.000000,0.000000,0.000000,0.000000,-0.000000,0.000000,0.000000,1.997350,nan,0.000000,0,0.000000,0.000000,0.000000,0.000000,0.000000,0.110514,-0.000026,0.000000,0.000000,-1.500000,0.000000,0.000000,0.000000,0.257283,0.019881,-1.455055,0,takeoff,,19.947000,0.170627,0.037216,0,,,
3.304056,0.055863,0.000715,0.036465,0.056049,-0.001662,-0.250965,20.000000,-0.000000,0.000000,0.000000,0.000000,0.000000,CV,0.000000,19.944170,19.944137,-0.036465,20.000000,-0.000000,0.000000,0.000000,0.000000,0.000000,-0.000000,0.000000,0.000000,1.997209,nan,0.000000,0,0.000000,0.000000,0.000000,0.000000,0.000000,0.091702,-0.000036,0.000000,0.000000,-1.500000,0.000000,0.000000,0.000000,0.315485,0.012658,-1.234796,0,takeoff,,19.944170,0.257153,0.056508,0,,,
3.354316,0.058213,0.000744,0.023283,0.069122,-0.001193,-0.295174,20.000000,-0.000000,0.000000,0.000000,0.000000,0.000000,CV,0.000000,19.941801,19.941787,-0.023283,20.000000,-0.000000,0.000000,0.000000,0.000000,0.000000,-0.000000,0.000000,0.000000,1.997090,nan,0.000000,0,0.000000,0.000000,0.000000,0.000000,0.000000,0.077756,-0.000037,0.000000,0.000000,-1.500000,0.000000,0.000000,0.000000,0.326899,0.012345,-1.074818,0,takeoff,,19.941801,0.303162,0.069466,0,,,
3.403903,0.062475,0.000579,0.001512,0.087267,-0.000611,-0.348299,20.000000,-0.000000,0.000000,0.000000,0.000000,0.000000,CV,0.000000,19.937525,19.937525,-0.001512,20.000000,-0.000000,0.000000,0.000000,0.000000,0.000000,-0.000000,0.000000,0.000000,1.996876,nan,0.000000,0,0.000000,0.000000,0.000000,0.000000,0.000000,0.056146,-0.000029,0.000000,0.000000,-1.500000,0.000000,0.000000,0.000000,0.317316,0.008994,-0.891048,0,takeoff,,19.937525,0.359066,0.087293,0,,,
3.454084,0.066221,0.000201,-0.016266,0.099704,-0.000360,-0.381254,20.000000,-0.000000,0.000000,0.000000,0.000000,0.000000,CV,0.000000,19.933786,19.933779,0.016266,20.000000,-0.000000,0.000000,0.000000,0.000000,0.000000,-0.000000,0.000000,0.000000,1.996689,nan,0.000000,0,0.000000,0.000000,0.000000,0.000000,0.000000,0.039640,-0.000010,0.000000,0.000000,-1.500000,0.000000,0.000000,0.000000,0.301635,0.000114,-0.794157,0,takeoff,,19.933786,0.394076,0.099393,0,,,
3.504038,0.073384,-0.000921,-0.047699,0.117236,-0.000275,-0.427511,20.000000,-0.000000,0.000000,0.000000,0.000000,0.000000,CV,0.000000,19.926673,19.926616,0.047699,20.000000,-0.000000,0.000000,0.000000,0.000000,0.000000,-0.000000,0.000000,0.000000,1.996334,nan,0.000000,0,0.000000,0.000000,0.000000,0.000000,0.000000,0.012234,0.000046,0.000000,0.000000,-1.500000,0.000000,0.000000,0.000000,0.259729,-0.003160,-0.687658,0,takeoff,,19.926673,0.443295,0.116212,0,,,
3.554364,0.078584,-0.001908,-0.068874,0.126673,-0.000545,-0.453464,20.000000,-0.000000,0.000000,0.000000,0.000000,0.000000,CV,0.000000,19.921535,19.921416,0.068874,20.000000,-0.000000,0.000000,0.000000,0.000000,0.000000,-0.000000,0.000000,0.000000,1.996077,nan,0.000000,0,0.000000,0.000000,0.000000,0.000000,0.000000,-0.005061,0.000096,0.000000,0.000000,-1.500000,0.000000,0.000000,0.000000,0.231625,-0.009370,-0.635902,0,takeoff,,19.921535,0.470825,0.125105,0,,,
3.604034,0.086533,-0.003561,-0.100125,0.137448,-0.001034,-0.486893,20.000000,-0.000000,0.000000,0.000000,0.000000,0.000000,CV,0.000000,19.913719,19.913468,0.100125,20.000000,-0.000000,0.000000,0.000000,0.000000,0.000000,-0.000000,0.000000,0.000000,1.995686,nan,0.000000,0,0.000000,0.000000,0.000000,0.000000,0.000000,-0.028908,0.000179,0.000000,0.000000,-1.500000,0.000000,0.000000,0.000000,0.175370,-0.012720,-0.574404,0,takeoff,,19.913719,0.505923,0.134998,0,,,
3.654097,0.092576,-0.004860,-0.123640,0.143297,-0.001278,-0.509374,20.000000,-0.000000,0.000000,0.000000,0.000000,0.000000,CV,0.000000,19.907809,19.907425,0.123640,20.000000,-0.000000,0.000000,0.000000,0.000000,0.000000,-0.000000,0.000000,0.000000,1.995390,nan,0.000000,0,0.000000,0.000000,0.000000,0.000000,0.000000,-0.045240,0.000244,0.000000,0.000000,-1.500000,0.000000,0.000000,0.000000,0.137021,-0.008239,-0.558276,0,takeoff,,19.907809,0.529148,0.140130,0,,,
3.703927,0.102685,-0.007108,-0.162789,0.149690,-0.001576,-0.543142,20.000000,-0.000000,0.000000,0.000000,0.000000,0.000000,CV,0.000000,19.897983,19.897317,0.162789,20.000000,-0.000000,0.000000,0.000000,0.000000,0.000000,-0.000000,0.000000,0.000000,1.994899,nan,0.000000,0,0.000000,0.000000,0.000000,0.000000,0.000000,-0.069633,0.000357,0.000000,0.000000,-1.500000,0.000000,0.000000,0.000000,0.083641,-0.003617,-0.516814,0,takeoff,,19.897983,0.563394,0.145241,0,,,
3.754142,0.109084,-0.008651,-0.188195,0.152075,-0.001696,-0.563116,20.000000,-0.000000,0.000000,0.000000,0.000000,0.000000,CV,0.000000,19.891808,19.890918,0.188195,20.000000,-0.000000,0.000000,0.000000,0.000000,0.000000,-0.000000,0.000000,0.000000,1.994590,nan,0.000000,0,0.000000,0.000000,0.000000,0.000000,0.000000,-0.083489,0.000435,0.000000,0.000000,-1.500000,0.000000,0.000000,0.000000,0.054825,-0.002449,-0.491900,0,takeoff,,19.891808,0.583292,0.146740,0,,,
3.803930,0.118029,-0.010918,-0.224895,0.153453,-0.001860,-0.590068,20.000000,-0.000000,0.000000,0.000000,0.000000,0.000000,CV,0.000000,19.883246,19.881974,0.224895,20.000000,-0.000000,0.000000,0.000000,0.000000,0.000000,-0.000000,0.000000,0.000000,1.994162,nan,0.000000,0,0.000000,0.000000,0.000000,0.000000,0.000000,-0.100632,0.000549,0.000000,0.000000,-1.500000,0.000000,0.000000,0.000000,0.014502,0.002368,-0.475921,0,takeoff,,19.883246,0.609698,0.146768,0,,,
3.853950,0.124416,-0.012521,-0.251888,0.153074,-0.001746,-0.608375,20.000000,-0.000000,0.000000,0.000000,0.000000,0.000000,CV,0.000000,19.877184,19.875588,0.251888,20.000000,-0.000000,0.000000,0.000000,0.000000,0.000000,-0.000000,0.000000,0.000000,1.993859,nan,0.000000,0,0.000000,0.000000,0.000000,0.000000,0.000000,-0.111100,0.000630,0.000000,0.000000,-1.500000,0.000000,0.000000,0.000000,-0.019349,0.004351,-0.452079,0,takeoff,,19.877184,0.627339,0.145351,0,,,
3.903913,0.134433,-0.014970,-0.296286,0.150596,-0.001475,-0.636687,20.000000,-0.000000,0.000000,0.000000,0.000000,0.000000,CV,0.000000,19.867782,19.865573,0.296286,20.000000,-0.000000,0.000000,0.000000,0.000000,0.000000,-0.000000,0.000000,0.000000,1.993389,nan,0.000000,0,0.000000,0.000000,0.000000,0.000000,0.000000,-0.124547,0.000754,0.000000,0.000000,-1.500000,0.000000,0.000000,0.000000,-0.051117,0.004015,-0.433716,0,takeoff,,19.867782,0.654256,0.141083,0,,,
3.954012,0.140442,-0.016318,-0.324697,0.147891,-0.001000,-0.653785,20.000000,-0.000000,0.000000,0.000000,0.000000,0.000000,CV,0.000000,19.862219,19.859565,0.324697,20.000000,-0.000000,0.000000,0.000000,0.000000,0.000000,-0.000000,0.000000,0.000000,1.993111,nan,0.000000,0,0.000000,0.000000,0.000000,0.000000,0.000000,-0.130762,0.000822,0.000000,0.000000,-1.500000,0.000000,0.000000,0.000000,-0.069967,0.014569,-0.424683,0,takeoff,,19.862219,0.670304,0.137183,0,,,
4.003906,0.148481,-0.017851,-0.365300,0.142978,-0.000192,-0.676814,20.000000,-0.000000,0.000000,0.000000,0.000000,0.000000,CV,0.000000,19.854888,19.851527,0.365300,20.000000,-0.000000,0.000000,0.000000,0.000000,0.000000,-0.000000,0.000000,0.000000,1.992744,nan,0.000000,0,0.000000,0.000000,0.000000,0.000000,0.000000,-0.136454,0.000899,0.000000,0.000000,-1.500000,0.000000,0.000000,0.000000,-0.097366,0.011930,-0.406906,0,takeoff,,19.854888,0.691752,0.130501,0,,,
4.054006,0.153961,-0.018735,-0.394886,0.138839,0.000576,-0.692951,20.000000,-0.000000,0.000000,0.000000,0.000000,0.000000,CV,0.000000,19.849976,19.846048,0.394886,20.000000,-0.000000,0.000000,0.000000,0.000000,0.000000,-0.000000,0.000000,0.000000,1.992499,nan,0.000000,0,0.000000,0.000000,0.000000,0.000000,0.000000,-0.138459,0.000944,0.000000,0.000000,-1.500000,0.000000,0.000000,0.000000,-0.103237,0.022534,-0.400439,0,takeoff,,19.849976,0.706724,0.125027,0,,,
4.104237,0.162253,-0.019864,-0.443311,0.131299,0.001910,-0.718327,20.000000,-0.000000,0.000000,0.000000,0.000000,0.000000,CV,0.000000,19.842710,19.837757,0.443311,20.000000,-0.000000,0.000000,0.000000,0.000000,0.000000,-0.000000,0.000000,0.000000,1.992135,nan,0.000000,0,0.000000,0.000000,0.000000,0.000000,0.000000,-0.138238,0.001001,0.000000,0.000000,-1.500000,0.000000,0.000000,0.000000,-0.122142,0.023276,-0.394814,0,takeoff,,19.842710,0.730230,0.115220,0,,,
4.154184,0.167065,-0.020350,-0.474248,0.126099,0.002542,-0.733932,20.000000,-0.000000,0.000000,0.000000,0.000000,0.000000,CV,0.000000,19.838614,19.832945,0.474248,20.000000,-0.000000,0.000000,0.000000,0.000000,0.000000,-0.000000,0.000000,0.000000,1.991931,nan,0.000000,0,0.000000,0.000000,0.000000,0.000000,0.000000,-0.136054,0.001026,0.000000,0.000000,-1.500000,0.000000,0.000000,0.000000,-0.134024,0.013941,-0.388292,0,takeoff,,19.838614,0.744690,0.108521,0,,,
4.204002,0.173259,-0.020688,-0.518390,0.118263,0.003755,-0.754957,20.000000,-0.000000,0.000000,0.000000,0.000000,0.000000,CV,0.000000,19.833528,19.826752,0.518390,20.000000,-0.000000,0.000000,0.000000,0.000000,0.000000,-0.000000,0.000000,0.000000,1.991676,nan,0.000000,0,0.000000,0.000000,0.000000,0.000000,0.000000,-0.130599,0.001043,0.010989,0.000011,-1.500000,0.219773,0.000229,0.000000,-0.148050,0.017939,-0.375945,0,takeoff,,19.833528,0.764173,0.098495,0,,,
4.254114,0.177313,-0.020755,-0.550573,0.112352,0.004493,-0.769575,20.000000,-0.000000,0.000000,0.000000,0.000000,0.000000,CV,0.000000,19.830343,19.822698,0.550573,20.000000,-0.000000,0.000000,0.000000,0.000000,0.000000,-0.000000,0.000000,0.000000,1.991517,nan,0.000000,0,0.000000,0.000000,0.000000,0.000000,0.000000,-0.125189,0.001047,0.039212,0.000041,-1.500000,0.564464,0.000592,0.000000,-0.147403,0.018800,-0.361875,0,takeoff,,19.830343,0.777746,0.090947,0,,,
4.303978,0.183139,-0.020815,-0.603180,0.102847,0.005159,-0.792460,20.000000,-0.000000,0.000000,0.000000,0.000000,0.000000,CV,0.000000,19.826050,19.816872,0.603180,20.000000,-0.000000,0.000000,0.000000,0.000000,0.000000,-0.000000,0.000000,0.000000,1.991302,nan,0.000000,0,0.000000,0.000000,0.000000,0.000000,0.000000,-0.114459,0.001050,0.114212,0.000120,-1.500000,1.499999,0.001578,0.000000,-0.149619,0.009067,-0.352162,0,takeoff,,19.826050,0.799123,0.078695,0,,,
4.354249,0.186408,-0.020833,-0.636702,0.097040,0.005379,-0.806529,20.000000,-0.000000,0.000000,0.000000,0.000000,0.000000,CV,0.000000,19.823830,19.813603,0.636702,20.000000,-0.000000,0.000000,0.000000,0.000000,0.000000,-0.000000,0.000000,0.000000,1.991192,nan,0.000000,0,0.000000,0.000000,0.000000,0.000000,0.000000,-0.106754,0.001051,0.189212,0.000199,-1.500000,1.499999,0.001580,0.000000,-0.144986,0.005427,-0.347927,0,takeoff,,19.823830,0.812364,0.071092,0,,,
4.403947,0.190565,-0.020807,-0.684510,0.089192,0.005230,-0.825876,20.000000,-0.000000,0.000000,0.000000,0.000000,0.000000,CV,0.000000,19.821269,19.809446,0.684510,20.000000,-0.000000,0.000000,0.000000,0.000000,0.000000,-0.000000,0.000000,0.000000,1.991063,nan,0.000000,0,0.000000,0.000000,0.000000,0.000000,0.000000,-0.095100,0.001050,0.264212,0.000278,-1.500000,1.499999,0.001573,0.000000,-0.131732,-0.001084,-0.344615,0,takeoff,,19.821269,0.830695,0.060623,0,,,
4.454109,0.193261,-0.020800,-0.719309,0.084467,0.004898,-0.839598,20.000000,-0.000000,0.000000,0.000000,0.000000,0.000000,CV,0.000000,19.819807,19.806750,0.719309,20.000000,-0.000000,0.000000,0.000000,0.000000,0.000000,-0.000000,0.000000,0.000000,1.990990,nan,0.000000,0,0.000000,0.000000,0.000000,0.000000,0.000000,-0.086317,0.001050,0.339212,0.000356,-1.500000,1.499999,0.001574,0.000000,-0.108785,-0.008796,-0.342295,0,takeoff,,19.819807,0.843850,0.053946,0,,,
4.504223,0.197239,-0.020927,-0.776178,0.080571,0.003456,-0.861398,20.000000,-0.000000,0.000000,0.000000,0.000000,0.000000,CV,0.000000,19.817978,19.802772,0.776178,20.000000,-0.000000,0.000000,0.000000,0.000000,0.000000,-0.000000,0.000000,0.000000,1.990899,nan,0.000000,0,0.000000,0.000000,0.000000,0.000000,0.000000,-0.072077,0.001057,0.414212,0.000436,-1.500000,1.499999,0.001597,0.000000,-0.034288,-0.025311,-0.338189,0,takeoff,,19.817978,0.865165,0.046776,0,,,
4.554054,0.199720,-0.021099,-0.812367,0.081239,0.002313,-0.875022,20.000000,-0.000000,0.000000,0.000000,0.000000,0.000000,CV,0.000000,19.816949,19.800291,0.812367,20.000000,-0.000000,0.000000,0.000000,0.000000,0.000000,-0.000000,0.000000,0.000000,1.990847,nan,0.000000,0,0.000000,0.000000,0.000000,0.000000,0.000000,-0.063281,0.001066,0.489212,0.000517,-1.500000,1.499999,0.001621,0.000000,0.029244,-0.029995,-0.342791,0,takeoff,,19.816949,0.878788,0.045303,0,,,
4.604000,0.203512,-0.021457,-0.863872,0.086908,0.000696,-0.893840,20.000000,-0.000000,0.000000,0.000000,0.000000,0.000000,CV,0.000000,19.815339,19.796500,0.863872,20.000000,-0.000000,0.000000,0.000000,0.000000,0.000000,-0.000000,0.000000,0.000000,1.990767,nan,0.000000,0,0.000000,0.000000,0.000000,0.000000,0.000000,-0.051352,0.001084,0.564212,0.000600,-1.500000,1.499999,0.001666,0.000000,0.139413,-0.033778,-0.336880,0,takeoff,,19.815339,0.898055,0.047858,0,,,
4.653827,0.206608,-0.021815,-0.901274,0.094935,-0.000601,-0.907119,20.000000,-0.000000,0.000000,0.000000,0.000000,0.000000,CV,0.000000,19.813913,19.793404,0.901274,20.000000,-0.000000,0.000000,0.000000,0.000000,0.000000,-0.000000,0.000000,0.000000,1.990696,nan,0.000000,0,0.000000,0.000000,0.000000,0.000000,0.000000,-0.043314,0.001102,0.639212,0.000686,-1.500000,1.499999,0.001709,0.000000,0.223187,-0.032721,-0.331640,0,takeoff,,19.813913,0.912074,0.053574,0,,,
4.703963,0.212731,-0.022503,-0.962132,0.114816,-0.002551,-0.928160,20.000000,-0.000000,0.000000,0.000000,0.000000,0.000000,CV,0.000000,19.810659,19.787282,0.962132,20.000000,-0.000000,0.000000,0.000000,0.000000,0.000000,-0.000000,0.000000,0.000000,1.990533,nan,0.000000,0,0.000000,0.000000,0.000000,0.000000,0.000000,-0.031702,0.001137,0.714211,0.000775,-1.500000,1.499999,0.001786,0.000000,0.353660,-0.030409,-0.326062,0,takeoff,,19.810659,0.935239,0.069600,0,,,
4.753947,0.217576,-0.022945,-1.000790,0.131845,-0.003604,-0.941263,20.000000,-0.000000,0.000000,0.000000,0.000000,0.000000,CV,0.000000,19.807736,19.782438,1.000790,20.000000,-0.000000,0.000000,0.000000,0.000000,0.000000,-0.000000,0.000000,0.000000,1.990387,nan,0.000000,0,0.000000,0.000000,0.000000,0.000000,0.000000,-0.025412,0.001160,0.789211,0.000867,-1.500000,1.499999,0.001832,0.000000,0.444671,-0.025253,-0.328407,0,takeoff,,19.807736,0.950459,0.084114,0,,,
4.804079,0.226029,-0.023512,-1.055688,0.162033,-0.005084,-0.959293,20.000000,-0.000000,0.000000,0.000000,0.000000,0.000000,CV,0.000000,19.802146,19.773985,1.055688,20.000000,-0.000000,0.000000,0.000000,0.000000,0.000000,-0.000000,0.000000,0.000000,1.990107,nan,0.000000,0,0.000000,0.000000,0.000000,0.000000,0.000000,-0.018066,0.001189,0.864211,0.000961,-1.500000,1.499999,0.001887,0.000000,0.586669,-0.028673,-0.316259,0,takeoff,,19.802146,0.972894,0.110655,0,,,
4.853891,0.233431,-0.023942,-1.095418,0.187800,-0.005836,-0.971836,20.000000,-0.000000,0.000000,0.000000,0.000000,0.000000,CV,0.000000,19.796913,19.766584,1.095418,20.000000,-0.000000,0.000000,0.000000,0.000000,0.000000,-0.000000,0.000000,0.000000,1.989846,nan,0.000000,0,0.000000,0.000000,0.000000,0.000000,0.000000,-0.013883,0.001211,0.939211,0.001058,-1.500000,1.499999,0.001930,0.000000,0.669747,-0.019767,-0.311151,0,takeoff,,19.796913,0.989832,0.133731,0,,,
4.904080,0.247872,-0.024486,-1.159790,0.235660,-0.006793,-0.991089,20.000000,-0.000000,0.000000,0.000000,0.000000,0.000000,CV,0.000000,19.786164,19.752143,1.159790,20.000000,-0.000000,0.000000,0.000000,0.000000,0.000000,-0.000000,0.000000,0.000000,1.989308,nan,0.000000,0,0.000000,0.000000,0.000000,0.000000,0.000000,-0.008895,0.001240,1.014211,0.001157,-1.500000,1.499999,0.001980,0.000000,0.785365,-0.014776,-0.296449,0,takeoff,,19.786164,1.018744,0.177152,0,,,
4.953978,0.258801,-0.024679,-1.200541,0.269477,-0.007186,-1.002885,20.000000,-0.000000,0.000000,0.000000,0.000000,0.000000,CV,0.000000,19.777686,19.741215,1.200541,20.000000,-0.000000,0.000000,0.000000,0.000000,0.000000,-0.000000,0.000000,0.000000,1.988884,nan,0.000000,0,0.000000,0.000000,0.000000,0.000000,0.000000,-0.006830,0.001250,1.089211,0.001256,-1.500000,1.499999,0.001994,0.000000,0.858926,-0.009110,-0.291305,0,takeoff,,19.777686,1.038484,0.208094,0,,,
5.003933,0.277058,-0.024738,-1.258367,0.321845,-0.007420,-1.019029,20.000000,-0.000000,0.000000,0.000000,0.000000,0.000000,CV,0.000000,19.763060,19.722958,1.258367,20.000000,-0.000000,0.000000,0.000000,0.000000,0.000000,-0.000000,0.000000,0.000000,1.988153,nan,0.000000,0,0.000000,0.000000,0.000000,0.000000,0.000000,-0.005220,0.001254,1.164211,0.001356,-1.500000,1.499999,0.001989,0.000000,0.973769,0.002520,-0.283249,0,takeoff,,19.763060,1.068672,0.256298,0,,,
5.054287,0.292398,-0.024648,-1.300184,0.362548,-0.007336,-1.030276,20.000000,-0.000000,0.000000,0.000000,0.000000,0.000000,CV,0.000000,19.750459,19.707617,1.300184,20.000000,-0.000000,0.000000,0.000000,0.000000,0.000000,-0.000000,0.000000,0.000000,1.987523,nan,0.000000,0,0.000000,0.000000,0.000000,0.000000,0.000000,-0.004899,0.001251,1.239211,0.001454,-1.500000,1.499999,0.001972,0.000000,1.038689,0.002843,-0.276908,0,takeoff,,19.750459,1.092229,0.293928,0,,,
5.103973,0.321299,-0.024360,-1.367894,0.432953,-0.006944,-1.047497,20.000000,-0.000000,0.000000,0.000000,0.000000,0.000000,CV,0.000000,19.726201,19.678716,1.367894,20.000000,-0.000000,0.000000,0.000000,0.000000,0.000000,-0.000000,0.000000,0.000000,1.986310,nan,0.000000,0,0.000000,0.000000,0.000000,0.000000,0.000000,-0.005572,0.001238,1.314211,0.001551,-1.500000,1.499999,0.001929,0.000000,1.131890,0.004299,-0.264818,0,takeoff,,19.726201,1.133466,0.359264,0,,,
5.153937,0.342200,-0.024201,-1.410710,0.480053,-0.006799,-1.057734,20.000000,-0.000000,0.000000,0.000000,0.000000,0.000000,CV,0.000000,19.708368,19.657814,1.410710,20.000000,-0.000000,0.000000,0.000000,0.000000,0.000000,-0.000000,0.000000,0.000000,1.985418,nan,0.000000,0,0.000000,0.000000,0.000000,0.000000,0.000000,-0.006824,0.001231,1.389211,0.001646,-1.500000,1.499999,0.001908,0.000000,1.188613,0.003559,-0.253613,0,takeoff,,19.708368,1.161593,0.403102,0,,,
5.204161,0.375057,-0.024154,-1.471227,0.549086,-0.006781,-1.071767,20.000000,-0.000000,0.000000,0.000000,0.000000,0.000000,CV,0.000000,19.680028,19.624958,1.471227,20.000000,-0.000000,0.000000,0.000000,0.000000,0.000000,-0.000000,0.000000,0.000000,1.984001,nan,0.000000,0,0.000000,0.000000,0.000000,0.000000,0.000000,-0.009373,0.001231,1.464211,0.001742,-1.500000,1.499999,0.001905,0.000000,1.258060,-0.000515,-0.252202,0,takeoff,,19.680028,1.204253,0.467418,0,,,
5.254104,0.401078,-0.024277,-1.514823,0.600418,-0.006962,-1.081598,20.000000,-0.000000,0.000000,0.000000,0.000000,0.000000,CV,0.000000,19.657391,19.598937,1.514823,20.000000,-0.000000,0.000000,0.000000,0.000000,0.000000,-0.000000,0.000000,0.000000,1.982870,nan,0.000000,0,0.000000,0.000000,0.000000,0.000000,0.000000,-0.011764,0.001239,1.539211,0.001838,-1.500000,1.499999,0.001928,0.000000,1.291141,-0.003090,-0.240967,0,takeoff,,19.657391,1.237096,0.515275,0,,,
5.304087,0.447175,-0.024797,-1.585175,0.685396,-0.008045,-1.096734,20.000000,-0.000000,0.000000,0.000000,0.000000,0.000000,CV,0.000000,19.616992,19.552841,1.585175,20.000000,-0.000000,0.000000,0.000000,0.000000,0.000000,-0.000000,0.000000,0.000000,1.980850,nan,0.000000,0,0.000000,0.000000,0.000000,0.000000,0.000000,-0.016461,0.001268,1.614211,0.001939,-1.500000,1.499999,0.002019,0.000000,1.345463,-0.021048,-0.235463,0,takeoff,,19.616992,1.293313,0.594521,0,,,
5.354363,0.478734,-0.025237,-1.629530,0.739806,-0.008872,-1.105897,20.000000,-0.000000,0.000000,0.000000,0.000000,0.000000,CV,0.000000,19.589176,19.521282,1.629530,20.000000,-0.000000,0.000000,0.000000,0.000000,0.000000,-0.000000,0.000000,0.000000,1.979459,nan,0.000000,0,0.000000,0.000000,0.000000,0.000000,0.000000,-0.019589,0.001293,1.689211,0.002044,-1.500000,1.499999,0.002099,0.000000,1.362058,-0.019687,-0.225772,0,takeoff,,19.589176,1.330564,0.645236,0,,,
5.404141,0.526669,-0.025966,-1.692135,0.817386,-0.010219,-1.118571,20.000000,-0.000000,0.000000,0.000000,0.000000,0.000000,CV,0.000000,19.546729,19.473348,1.692135,20.000000,-0.000000,0.000000,0.000000,0.000000,0.000000,-0.000000,0.000000,0.000000,1.977336,nan,0.000000,0,0.000000,0.000000,0.000000,0.000000,0.000000,-0.023920,0.001333,1.764211,0.002156,-1.500000,1.499998,0.002239,0.000000,1.391970,-0.027346,-0.216253,0,takeoff,,19.546729,1.385433,0.717470,0,,,
5.453931,0.563536,-0.026639,-1.737182,0.873615,-0.011042,-1.127120,20.000000,-0.000000,0.000000,0.000000,0.000000,0.000000,CV,0.000000,19.513960,19.436482,1.737182,20.000000,-0.000000,0.000000,0.000000,0.000000,0.000000,-0.000000,0.000000,0.000000,1.975698,nan,0.000000,0,0.000000,0.000000,0.000000,0.000000,0.000000,-0.026941,0.001371,1.839210,0.002275,-1.500000,1.499998,0.002374,0.000000,1.407921,-0.022823,-0.211887,0,takeoff,,19.513960,1.426087,0.769791,0,,,
5.504228,0.627246,-0.028067,-1.809963,0.964941,-0.012508,-1.141161,20.000000,-0.000000,0.000000,0.000000,0.000000,0.000000,CV,0.000000,19.457141,19.372774,1.809963,20.000000,-0.000000,0.000000,0.000000,0.000000,0.000000,-0.000000,0.000000,0.000000,1.972857,nan,0.000000,0,0.000000,0.000000,0.000000,0.000000,0.000000,-0.031712,0.001449,1.914210,0.002408,-1.500000,1.499998,0.002677,0.000000,1.435603,-0.023591,-0.218039,0,takeoff,,19.457141,1.494495,0.854583,0,,,
5.554008,0.670073,-0.029145,-1.855857,1.022654,-0.013414,-1.149597,20.000000,-0.000000,0.000000,0.000000,0.000000,0.000000,CV,0.000000,19.418834,19.329949,1.855857,20.000000,-0.000000,0.000000,0.000000,0.000000,0.000000,-0.000000,0.000000,0.000000,1.970942,nan,0.000000,0,0.000000,0.000000,0.000000,0.000000,0.000000,-0.034630,0.001508,1.989210,0.002555,-1.500000,1.499997,0.002922,0.000000,1.444663,-0.023341,-0.210270,0,takeoff,,19.418834,1.538693,0.908085,0,,,
5.603769,0.734219,-0.030878,-1.920612,1.104624,-0.014528,-1.161372,20.000000,-0.000000,0.000000,0.000000,0.000000,0.000000,CV,0.000000,19.361302,19.265805,1.920612,20.000000,-0.000000,0.000000,0.000000,0.000000,0.000000,-0.000000,0.000000,0.000000,1.968065,nan,0.000000,0,0.000000,0.000000,0.000000,0.000000,0.000000,-0.038477,0.001603,2.064210,0.002722,-1.500000,1.499996,0.003344,0.000000,1.470109,-0.020489,-0.205572,0,takeoff,,19.361302,1.602870,0.983945,0,,,
5.654443,0.782997,-0.032375,-1.967190,1.163899,-0.015464,-1.169460,20.000000,-0.000000,0.000000,0.000000,0.000000,0.000000,CV,0.000000,19.317456,19.217031,1.967190,20.000000,-0.000000,0.000000,0.000000,0.000000,0.000000,-0.000000,0.000000,0.000000,1.965873,nan,0.000000,0,0.000000,0.000000,0.000000,0.000000,0.000000,-0.041195,0.001685,2.139210,0.002909,-1.500000,1.499995,0.003739,0.000000,1.482926,-0.019532,-0.200167,0,takeoff,,19.317456,1.650011,1.038729,0,,,
5.704367,0.866194,-0.035296,-2.042096,1.259754,-0.017326,-1.182026,20.000000,-0.000000,0.000000,0.000000,0.000000,0.000000,CV,0.000000,19.242504,19.133839,2.042096,20.000000,-0.000000,0.000000,0.000000,0.000000,0.000000,-0.000000,0.000000,0.000000,1.962125,nan,0.000000,0,0.000000,0.000000,0.000000,0.000000,0.000000,-0.045597,0.001845,2.214209,0.003137,-1.500000,1.499993,0.004575,0.000000,1.503771,-0.029080,-0.196218,0,takeoff,,19.242504,1.727561,1.127165,0,,,
5.754006,0.921328,-0.037309,-2.089168,1.320191,-0.018460,-1.189688,20.000000,-0.000000,0.000000,0.000000,0.000000,0.000000,CV,0.000000,19.192752,19.078709,2.089168,20.000000,-0.000000,0.000000,0.000000,0.000000,0.000000,-0.000000,0.000000,0.000000,1.959638,nan,0.000000,0,0.000000,0.000000,0.000000,0.000000,0.000000,-0.048156,0.001956,2.289209,0.003398,-1.500000,1.499991,0.005210,0.000000,1.516754,-0.027968,-0.189483,0,takeoff,,19.192752,1.777246,1.182808,0,,,
5.804007,1.014530,-0.041002,-2.164876,1.417567,-0.020671,-1.201672,20.000000,-0.000000,0.000000,0.000000,0.000000,0.000000,CV,0.000000,19.108544,18.985514,2.164876,20.000000,-0.000000,0.000000,0.000000,0.000000,0.000000,-0.000000,0.000000,0.000000,1.955427,nan,0.000000,0,0.000000,0.000000,0.000000,0.000000,0.000000,-0.051937,0.002160,2.364208,0.003723,-1.500000,1.499986,0.006502,0.000000,1.523182,-0.035611,-0.182812,0,takeoff,,19.108544,1.858478,1.272251,0,,,
5.854107,1.063469,-0.043108,-2.203016,1.466722,-0.021885,-1.207702,20.000000,-0.000000,0.000000,0.000000,0.000000,0.000000,CV,0.000000,19.064295,18.936580,2.203016,20.000000,-0.000000,0.000000,0.000000,0.000000,0.000000,-0.000000,0.000000,0.000000,1.953215,nan,0.000000,0,0.000000,0.000000,0.000000,0.000000,0.000000,-0.053698,0.002276,2.439207,0.004089,-1.500000,1.499982,0.007329,0.000000,1.533054,-0.035022,-0.186175,0,takeoff,,19.064295,1.900078,1.317285,0,,,
5.904038,1.166018,-0.047930,-2.279851,1.565025,-0.024836,-1.219453,20.000000,-0.000000,0.000000,0.000000,0.000000,0.000000,CV,0.000000,18.971528,18.834043,2.279851,20.000000,-0.000000,0.000000,0.000000,0.000000,0.000000,-0.000000,0.000000,0.000000,1.948576,nan,0.000000,0,0.000000,0.000000,0.000000,0.000000,0.000000,-0.057001,0.002545,2.514206,0.004564,-1.500000,1.499970,0.009482,0.000000,1.537343,-0.047391,-0.182038,0,takeoff,,18.971528,1.984184,1.407071,0,,,
5.954106,1.233247,-0.051261,-2.328206,1.626694,-0.026822,-1.226845,20.000000,-0.000000,0.000000,0.000000,0.000000,0.000000,CV,0.000000,18.910690,18.766823,2.328206,20.000000,-0.000000,0.000000,0.000000,0.000000,0.000000,-0.000000,0.000000,0.000000,1.945534,nan,0.000000,0,0.000000,0.000000,0.000000,0.000000,0.000000,-0.058717,0.002731,2.589204,0.005124,-1.500000,1.499958,0.011211,0.000000,1.539290,-0.047623,-0.182390,0,takeoff,,18.910690,2.037646,1.463196,0,,,
6.004169,1.331181,-0.056149,-2.396354,1.712981,-0.029325,-1.236878,20.000000,-0.000000,0.000000,0.000000,0.000000,0.000000,CV,0.000000,18.822074,18.668904,2.396354,20.000000,-0.000000,0.000000,0.000000,0.000000,0.000000,-0.000000,0.000000,0.000000,1.941104,nan,0.000000,0,0.000000,0.000000,0.000000,0.000000,0.000000,-0.060376,0.003008,2.664200,0.005836,-1.500000,1.499932,0.014236,0.000000,1.538813,-0.039368,-0.174873,0,takeoff,,18.822074,2.113062,1.541471,0,,,
6.054235,1.403842,-0.059732,-2.445315,1.774346,-0.030744,-1.243824,20.000000,-0.000000,0.000000,0.000000,0.000000,0.000000,CV,0.000000,18.756338,18.596253,2.445315,20.000000,-0.000000,0.000000,0.000000,0.000000,0.000000,-0.000000,0.000000,0.000000,1.937817,nan,0.000000,0,0.000000,0.000000,0.000000,0.000000,0.000000,-0.060875,0.003212,2.739196,0.006685,-1.500000,1.499904,0.016975,0.000000,1.538448,-0.032962,-0.175051,0,takeoff,,18.756338,2.167106,1.596934,0,,,
6.103953,1.525033,-0.065723,-2.524273,1.872895,-0.032114,-1.255033,20.000000,-0.000000,0.000000,0.000000,0.000000,0.000000,CV,0.000000,18.646734,18.475084,2.524273,20.000000,-0.000000,0.000000,0.000000,0.000000,0.000000,-0.000000,0.000000,0.000000,1.932337,nan,0.000000,0,0.000000,0.000000,0.000000,0.000000,0.000000,-0.060527,0.003557,2.814187,0.007831,-1.500000,1.499825,0.022932,0.000000,1.541376,-0.017315,-0.171488,0,takeoff,,18.646734,2.254745,1.685631,0,,,
6.154061,1.604026,-0.069685,-2.574028,1.934600,-0.032781,-1.261906,20.000000,-0.000000,0.000000,0.000000,0.000000,0.000000,CV,0.000000,18.575315,18.396106,2.574028,20.000000,-0.000000,0.000000,0.000000,0.000000,0.000000,-0.000000,0.000000,0.000000,1.928766,nan,0.000000,0,0.000000,0.000000,0.000000,0.000000,0.000000,-0.059754,0.003788,2.889173,0.009257,-1.500000,1.499729,0.028517,0.000000,1.542613,-0.013617,-0.171771,0,takeoff,,18.575315,2.310013,1.740934,0,,,
6.203921,1.718750,-0.075317,-2.644161,2.021243,-0.033046,-1.271251,20.000000,-0.000000,0.000000,0.000000,0.000000,0.000000,CV,0.000000,18.471637,18.281405,2.644161,20.000000,-0.000000,0.000000,0.000000,0.000000,0.000000,-0.000000,0.000000,0.000000,1.923582,nan,0.000000,0,0.000000,0.000000,0.000000,0.000000,0.000000,-0.058007,0.004120,2.964144,0.011356,-1.500000,1.499412,0.041984,0.000000,1.546942,0.004125,-0.164099,0,takeoff,,18.471637,2.388011,1.818300,0,,,
6.253928,1.769349,-0.077714,-2.674355,2.058530,-0.032914,-1.275118,20.000000,-0.000000,0.000000,0.000000,0.000000,0.000000,CV,0.000000,18.425929,18.230817,2.674355,20.000000,-0.000000,0.000000,0.000000,0.000000,0.000000,-0.000000,0.000000,0.000000,1.921296,nan,0.000000,0,0.000000,0.000000,0.000000,0.000000,0.000000,-0.056980,0.004263,2.999973,0.012788,-1.500000,0.716577,0.028639,0.000000,1.553605,0.005498,-0.161131,0,takeoff,,18.425929,2.421684,1.851503,0,,,
6.304135,1.855561,-0.081582,-2.724847,2.120618,-0.032297,-1.281326,20.000000,-0.000000,0.000000,0.000000,0.000000,0.000000,CV,0.000000,18.348081,18.144622,2.724847,20.000000,-0.000000,0.000000,0.000000,0.000000,0.000000,-0.000000,0.000000,0.000000,1.917404,nan,0.000000,0,0.000000,0.000000,0.000000,0.000000,0.000000,-0.054854,0.004496,2.999970,0.013489,-1.500000,-0.000061,0.014006,0.000000,1.550734,0.018597,-0.156363,0,takeoff,,18.348081,2.477874,1.906650,0,,,
6.354086,1.980255,-0.086596,-2.795960,2.207561,-0.030061,-1.290088,20.000000,-0.000000,0.000000,0.000000,0.000000,0.000000,CV,0.000000,18.235573,18.019953,2.795960,20.000000,-0.000000,0.000000,0.000000,0.000000,0.000000,-0.000000,0.000000,0.000000,1.911779,nan,0.000000,0,0.000000,0.000000,0.000000,0.000000,0.000000,-0.050930,0.004806,2.999965,0.014417,-1.500000,-0.000086,0.018561,0.000000,1.552925,0.044983,-0.141725,0,takeoff,,18.235573,2.557060,1.983489,0,,,
6.404013,2.072178,-0.089905,-2.847000,2.269459,-0.027518,-1.294759,20.000000,-0.000000,0.000000,0.000000,0.000000,0.000000,CV,0.000000,18.152694,17.928047,2.847000,20.000000,-0.000000,0.000000,0.000000,0.000000,0.000000,-0.000000,0.000000,0.000000,1.907635,nan,0.000000,0,0.000000,0.000000,0.000000,0.000000,0.000000,-0.047548,0.005015,2.999962,0.015044,-1.500000,-0.000062,0.012553,0.000000,1.544952,0.070708,-0.103272,0,takeoff,,18.152694,2.612968,2.038144,0,,,
6.454006,2.224291,-0.094507,-2.928959,2.367327,-0.022217,-1.299650,20.000000,-0.000000,0.000000,0.000000,0.000000,0.000000,CV,0.000000,18.015648,17.775961,2.928959,20.000000,-0.000000,0.000000,0.000000,0.000000,0.000000,-0.000000,0.000000,0.000000,1.900782,nan,0.000000,0,0.000000,0.000000,0.000000,0.000000,0.000000,-0.041217,0.005317,2.999958,0.015950,-1.500000,-0.000094,0.018108,0.000000,1.518846,0.090804,-0.065496,0,takeoff,,18.015648,2.700707,2.124386,0,,,
6.504138,2.322466,-0.096892,-2.980314,2.427231,-0.018084,-1.302282,20.000000,-0.000000,0.000000,0.000000,0.000000,0.000000,CV,0.000000,17.927266,17.677799,2.980314,20.000000,-0.000000,0.000000,0.000000,0.000000,0.000000,-0.000000,0.000000,0.000000,1.896363,nan,0.000000,0,0.000000,0.000000,0.000000,0.000000,0.000000,-0.036770,0.005481,2.999955,0.016443,-1.500000,-0.000053,0.009865,0.000000,1.491765,0.105963,-0.064472,0,takeoff,,17.927266,2.754581,2.176824,0,,,
6.554049,2.463639,-0.099405,-3.052354,2.508055,-0.011293,-1.305326,20.000000,-0.000000,0.000000,0.000000,0.000000,0.000000,CV,0.000000,17.800301,17.536643,3.052354,20.000000,-0.000000,0.000000,0.000000,0.000000,0.000000,-0.000000,0.000000,0.000000,1.890015,nan,0.000000,0,0.000000,0.000000,0.000000,0.000000,0.000000,-0.030096,0.005668,2.999952,0.017005,-1.500000,-0.000063,0.011248,0.000000,1.416981,0.134830,-0.049077,0,takeoff,,17.800301,2.827427,2.246969,0,,,
6.604089,2.567011,-0.100561,-3.103883,2.562964,-0.005672,-1.307591,20.000000,-0.000000,0.000000,0.000000,0.000000,0.000000,CV,0.000000,17.707437,17.433279,3.103883,20.000000,-0.000000,0.000000,0.000000,0.000000,0.000000,-0.000000,0.000000,0.000000,1.885372,nan,0.000000,0,0.000000,0.000000,0.000000,0.000000,0.000000,-0.025102,0.005768,2.999950,0.017305,-1.500000,-0.000034,0.005992,0.000000,1.352623,0.140077,-0.052355,0,takeoff,,17.707437,2.877258,2.294005,0,,,
6.653947,2.736419,-0.101664,-3.186702,2.644827,0.003056,-1.311997,20.000000,-0.000000,0.000000,0.000000,0.000000,0.000000,CV,0.000000,17.555530,17.263880,3.186702,20.000000,-0.000000,0.000000,0.000000,0.000000,0.000000,-0.000000,0.000000,0.000000,1.877776,nan,0.000000,0,0.000000,0.000000,0.000000,0.000000,0.000000,-0.017193,0.005889,2.999948,0.017666,-1.500000,-0.000042,0.007230,0.000000,1.241207,0.135563,-0.073195,0,takeoff,,17.555530,2.952364,2.362706,0,,,
6.704152,2.844601,-0.102115,-3.238765,2.691839,0.008083,-1.315179,20.000000,-0.000000,0.000000,0.000000,0.000000,0.000000,CV,0.000000,17.458743,17.155703,3.238765,20.000000,-0.000000,0.000000,0.000000,0.000000,0.000000,-0.000000,0.000000,0.000000,1.872937,nan,0.000000,0,0.000000,0.000000,0.000000,0.000000,0.000000,-0.012604,0.005952,2.999947,0.017857,-1.500000,-0.000023,0.003805,0.000000,1.158466,0.125923,-0.082781,0,takeoff,,17.458743,2.995957,2.401138,0,,,
6.753888,2.954480,-0.102436,-3.291133,2.735691,0.012569,-1.318688,20.000000,-0.000000,0.000000,0.000000,0.000000,0.000000,CV,0.000000,17.360640,17.045828,3.291133,20.000000,-0.000000,0.000000,0.000000,0.000000,0.000000,-0.000000,0.000000,0.000000,1.868032,nan,0.000000,0,0.000000,0.000000,0.000000,0.000000,0.000000,-0.008453,0.006009,2.999946,0.018028,-1.500000,-0.000021,0.003433,0.000000,1.079490,0.110931,-0.087485,0,takeoff,,17.360640,3.036955,2.436119,0,,,
6.804036,3.110773,-0.102667,-3.364854,2.791349,0.018093,-1.323547,20.000000,-0.000000,0.000000,0.000000,0.000000,0.000000,CV,0.000000,17.221463,16.889539,3.364854,20.000000,-0.000000,0.000000,0.000000,0.000000,0.000000,-0.000000,0.000000,0.000000,1.861073,nan,0.000000,0,0.000000,0.000000,0.000000,0.000000,0.000000,-0.003519,0.006079,2.999945,0.018236,-1.500000,-0.000025,0.004157,0.000000,0.953153,0.087305,-0.088379,0,takeoff,,17.221463,3.089294,2.479003,0,,,
6.853996,3.292147,-0.102922,-3.449854,2.847002,0.022626,-1.329411,20.000000,-0.000000,0.000000,0.000000,0.000000,0.000000,CV,0.000000,17.060611,16.708170,3.449854,20.000000,-0.000000,0.000000,0.000000,0.000000,0.000000,-0.000000,0.000000,0.000000,1.853031,nan,0.000000,0,0.000000,0.000000,0.000000,0.000000,0.000000,0.000701,0.006160,2.999943,0.018480,-1.500000,-0.000030,0.004875,0.000000,0.832339,0.061288,-0.091270,0,takeoff,,17.060611,3.142175,2.519449,0,,,
6.903925,3.406795,-0.103041,-3.503323,2.877722,0.024891,-1.332982,20.000000,-0.000000,0.000000,0.000000,0.000000,0.000000,CV,0.000000,16.959314,16.593525,3.503323,20.000000,-0.000000,0.000000,0.000000,0.000000,0.000000,-0.000000,0.000000,0.000000,1.847966,nan,0.000000,0,0.000000,0.000000,0.000000,0.000000,0.000000,0.002620,0.006210,2.999942,0.018629,-1.496677,-0.000018,0.002983,0.066457,0.753045,0.055551,-0.090664,0,takeoff,,16.959314,3.171552,2.540393,0,,,
6.954401,3.568648,-0.103240,-3.578568,2.915320,0.027061,-1.337690,20.000000,-0.000000,0.000000,0.000000,0.000000,0.000000,CV,0.000000,16.816841,16.431676,3.578568,20.000000,-0.000000,0.000000,0.000000,0.000000,0.000000,-0.000000,0.000000,0.000000,1.840842,nan,0.000000,0,0.000000,0.000000,0.000000,0.000000,0.000000,0.004420,0.006283,2.999941,0.018849,-1.446677,-0.000027,0.004397,1.000000,0.636905,0.032792,-0.076972,0,takeoff,,16.816841,3.207684,2.564003,0,,,
7.004000,3.685064,-0.103361,-3.632535,2.938760,0.028172,-1.339995,20.000000,-0.000000,0.000000,0.000000,0.000000,0.000000,CV,0.000000,16.714758,16.315264,3.632535,20.000000,-0.000000,0.000000,0.000000,0.000000,0.000000,-0.000000,0.000000,0.000000,1.835738,nan,0.000000,0,0.000000,0.000000,0.000000,0.000000,0.000000,0.005163,0.006335,2.999940,0.019006,-1.396677,-0.000020,0.003134,1.000000,0.564426,0.025691,-0.035003,0,takeoff,,16.714758,3.229967,2.577424,0,,,
7.053888,3.872423,-0.103542,-3.718789,2.969861,0.029828,-1.328443,20.000000,-0.000000,0.000000,0.000000,0.000000,0.000000,CV,0.000000,16.551098,16.127909,3.718789,20.000000,-0.000000,0.000000,0.000000,0.000000,0.000000,-0.000000,0.000000,0.000000,1.827555,nan,0.000000,0,0.000000,0.000000,0.000000,0.000000,0.000000,0.005591,0.006420,2.999938,0.019260,-1.346677,-0.000032,0.005090,1.000000,0.451535,0.019480,0.299896,0,takeoff,,16.551098,3.253571,2.595571,0,,,
7.104012,3.990008,-0.103586,-3.772090,2.985435,0.030664,-1.310699,20.000000,-0.000000,0.000000,0.000000,0.000000,0.000000,CV,0.000000,16.448685,16.010327,3.772090,20.000000,-0.000000,0.000000,0.000000,0.000000,0.000000,-0.000000,0.000000,0.000000,1.822434,nan,0.000000,0,0.000000,0.000000,0.000000,0.000000,0.000000,0.005495,0.006470,2.999937,0.019410,-1.296677,-0.000019,0.002995,1.000000,0.372201,0.022879,0.478595,0,takeoff,,16.448685,3.260628,2.605430,0,,,
7.154429,4.107805,-0.103501,-3.824475,2.998446,0.031742,-1.285671,20.000000,-0.000000,0.000000,0.000000,0.000000,0.000000,CV,0.000000,16.346228,15.892532,3.824475,20.000000,-0.000000,0.000000,0.000000,0.000000,0.000000,-0.000000,0.000000,0.000000,1.817311,nan,0.000000,0,0.000000,0.000000,0.000000,0.000000,0.000000,0.005223,0.006513,2.999936,0.019538,-1.246677,-0.000017,0.002558,1.000000,0.315179,0.026893,0.647669,0,takeoff,,16.346228,3.262612,2.614558,0,,,
7.203916,4.273125,-0.103201,-3.895711,3.013549,0.033360,-1.242619,20.000000,-0.000000,0.000000,0.000000,0.000000,0.000000,CV,0.000000,16.202525,15.727213,3.895711,20.000000,-0.000000,0.000000,0.000000,0.000000,0.000000,-0.000000,0.000000,0.000000,1.810126,nan,0.000000,0,0.000000,0.000000,0.000000,0.000000,0.000000,0.004582,0.006562,2.999935,0.019686,-1.196677,-0.000019,0.002960,1.000000,0.248238,0.027925,0.813283,0,takeoff,,16.202525,3.259861,2.626521,0,,,
7.254320,4.462374,-0.102568,-3.973510,3.027005,0.035328,-1.188531,20.000000,-0.000000,0.000000,0.000000,0.000000,0.000000,CV,0.000000,16.037990,15.537964,3.973510,20.000000,-0.000000,0.000000,0.000000,0.000000,0.000000,-0.000000,0.000000,0.000000,1.801899,nan,0.000000,0,0.000000,0.000000,0.000000,0.000000,0.000000,0.003659,0.006601,2.999935,0.019803,-1.146677,-0.000015,0.002352,1.000000,0.193576,0.031589,0.870238,0,takeoff,,16.037990,3.252171,2.638327,0,,,
7.303847,4.580676,-0.102078,-4.020131,3.033618,0.036629,-1.152951,20.000000,-0.000000,0.000000,0.000000,0.000000,0.000000,CV,0.000000,15.935101,15.419662,4.020131,20.000000,-0.000000,0.000000,0.000000,0.000000,0.000000,-0.000000,0.000000,0.000000,1.796755,nan,0.000000,0,0.000000,0.000000,0.000000,0.000000,0.000000,0.002984,0.006620,2.999934,0.019860,-1.096677,-0.000007,0.001135,1.000000,0.162880,0.034030,0.896995,0,takeoff,,15.935101,3.245532,2.644794,0,,,
7.354412,4.746147,-0.101215,-4.082763,3.041030,0.038434,-1.099922,20.000000,-0.000000,0.000000,0.000000,0.000000,0.000000,CV,0.000000,15.791113,15.254189,4.082763,20.000000,-0.000000,0.000000,0.000000,0.000000,0.000000,-0.000000,0.000000,0.000000,1.789556,nan,0.000000,0,0.000000,0.000000,0.000000,0.000000,0.000000,0.001954,0.006635,2.999934,0.019906,-1.046677,-0.000006,0.000911,1.000000,0.120655,0.028634,0.988044,0,takeoff,,15.791113,3.234064,2.653429,0,,,
7.404106,4.864232,-0.100510,-4.125516,3.045190,0.039763,-1.062483,20.000000,-0.000000,0.000000,0.000000,0.000000,0.000000,CV,0.000000,15.688259,15.136102,4.125516,20.000000,-0.000000,0.000000,0.000000,0.000000,0.000000,-0.000000,0.000000,0.000000,1.784413,nan,0.000000,0,0.000000,0.000000,0.000000,0.000000,0.000000,0.001194,0.006640,2.999934,0.019921,-0.996677,-0.000002,0.000312,1.000000,0.104889,0.035224,0.915676,0,takeoff,,15.688259,3.225466,2.658803,0,,,
7.454213,5.052862,-0.099173,-4.190524,3.050442,0.041794,-1.000725,20.000000,-0.000000,0.000000,0.000000,0.000000,0.000000,CV,0.000000,15.523765,14.947467,4.190524,20.000000,-0.000000,0.000000,0.000000,0.000000,0.000000,-0.000000,0.000000,0.000000,1.776188,nan,0.000000,0,0.000000,0.000000,0.000000,0.000000,0.000000,-0.000042,0.006635,2.999934,0.019904,-0.946677,0.000002,-0.000340,1.000000,0.072281,0.030541,0.987063,0,takeoff,,15.523765,3.210669,2.667263,0,,,
7.503906,5.170629,-0.098145,-4.228988,3.052846,0.043340,-0.961631,20.000000,-0.000000,0.000000,0.000000,0.000000,0.000000,CV,0.000000,15.420902,14.829696,4.228988,20.000000,-0.000000,0.000000,0.000000,0.000000,0.000000,-0.000000,0.000000,0.000000,1.771045,nan,0.000000,0,0.000000,0.000000,0.000000,0.000000,0.000000,-0.000775,0.006618,2.999934,0.019854,-0.896677,0.000007,-0.000996,1.000000,0.059813,0.039872,0.978606,0,takeoff,,15.420902,3.201012,2.672302,0,,,
7.554577,5.288404,-0.096910,-4.265732,3.054991,0.044768,-0.921843,20.000000,-0.000000,0.000000,0.000000,0.000000,0.000000,CV,0.000000,15.317863,14.711916,4.265732,20.000000,-0.000000,0.000000,0.000000,0.000000,0.000000,-0.000000,0.000000,0.000000,1.765893,nan,0.000000,0,0.000000,0.000000,0.000000,0.000000,0.000000,-0.001456,0.006587,2.999935,0.019761,-0.846677,0.000012,-0.001860,1.000000,0.048747,0.033498,0.977839,0,takeoff,,15.317863,3.191359,2.677645,0,,,
7.604070,5.453275,-0.094906,-4.314330,3.057159,0.046808,-0.866289,20.000000,-0.000000,0.000000,0.000000,0.000000,0.000000,CV,0.000000,15.173320,14.547034,4.314330,20.000000,-0.000000,0.000000,0.000000,0.000000,0.000000,-0.000000,0.000000,0.000000,1.758666,nan,0.000000,0,0.000000,0.000000,0.000000,0.000000,0.000000,-0.002306,0.006524,2.999936,0.019572,-0.796677,0.000025,-0.003786,1.000000,0.037700,0.037570,0.945639,0,takeoff,,15.173320,3.177872,2.684886,0,,,
7.654240,5.641644,-0.092333,-4.365727,3.059113,0.048956,-0.803089,20.000000,-0.000000,0.000000,0.000000,0.000000,0.000000,CV,0.000000,15.007681,14.358653,4.365727,20.000000,-0.000000,0.000000,0.000000,0.000000,0.000000,-0.000000,0.000000,0.000000,1.750384,nan,0.000000,0,0.000000,0.000000,0.000000,0.000000,0.000000,-0.003143,0.006431,2.999938,0.019291,-0.746677,0.000036,-0.005613,1.000000,0.031273,0.029867,1.002329,0,takeoff,,15.007681,3.163150,2.693440,0,,,
7.704460,5.759534,-0.090572,-4.395616,3.060247,0.050181,-0.763435,20.000000,-0.000000,0.000000,0.000000,0.000000,0.000000,CV,0.000000,14.903708,14.240754,4.395616,20.000000,-0.000000,0.000000,0.000000,0.000000,0.000000,-0.000000,0.000000,0.000000,1.745185,nan,0.000000,0,0.000000,0.000000,0.000000,0.000000,0.000000,-0.003573,0.006360,2.999939,0.019080,-0.696677,0.000027,-0.004228,1.000000,0.029316,0.029175,0.991113,0,takeoff,,14.903708,3.154436,2.699202,0,,,
7.753852,5.877597,-0.088711,-4.423768,3.061279,0.051584,-0.723525,20.000000,-0.000000,0.000000,0.000000,0.000000,0.000000,CV,0.000000,14.799320,14.122682,4.423768,20.000000,-0.000000,0.000000,0.000000,0.000000,0.000000,-0.000000,0.000000,0.000000,1.739966,nan,0.000000,0,0.000000,0.000000,0.000000,0.000000,0.000000,-0.003839,0.006282,2.999941,0.018844,-0.646677,0.000030,-0.004713,1.000000,0.027786,0.036649,0.980762,0,takeoff,,14.799320,3.146041,2.705292,0,,,
7.804247,6.043079,-0.086136,-4.460302,3.063002,0.053118,-0.668203,20.000000,-0.000000,0.000000,0.000000,0.000000,0.000000,CV,0.000000,14.652554,13.957186,4.460302,20.000000,-0.000000,0.000000,0.000000,0.000000,0.000000,-0.000000,0.000000,0.000000,1.732628,nan,0.000000,0,0.000000,0.000000,0.000000,0.000000,0.000000,-0.003939,0.006171,2.999943,0.018514,-0.596677,0.000041,-0.006603,1.000000,0.032187,0.026904,0.940103,0,takeoff,,14.652554,3.135490,2.714494,0,,,
7.853764,6.232615,-0.083288,-4.498155,3.064841,0.054139,-0.605491,20.000000,-0.000000,0.000000,0.000000,0.000000,0.000000,CV,0.000000,14.483827,13.767637,4.498155,20.000000,-0.000000,0.000000,0.000000,0.000000,0.000000,-0.000000,0.000000,0.000000,1.724191,nan,0.000000,0,0.000000,0.000000,0.000000,0.000000,0.000000,-0.003930,0.006050,2.999945,0.018149,-0.546677,0.000045,-0.007312,1.000000,0.028590,0.011912,0.997230,0,takeoff,,14.483827,3.124548,2.725507,0,,,
7.904003,6.351194,-0.081519,-4.519620,3.065978,0.054574,-0.565775,20.000000,-0.000000,0.000000,0.000000,0.000000,0.000000,CV,0.000000,14.377882,13.649049,4.519620,20.000000,-0.000000,0.000000,0.000000,0.000000,0.000000,-0.000000,0.000000,0.000000,1.718894,nan,0.000000,0,0.000000,0.000000,0.000000,0.000000,0.000000,-0.003856,0.005973,2.999946,0.017917,-0.496677,0.000028,-0.004624,1.000000,0.031541,0.012805,0.993803,0,takeoff,,14.377882,3.118221,2.732968,0,,,
7.954468,6.517353,-0.079062,-4.546807,3.067467,0.054834,-0.508927,20.000000,-0.000000,0.000000,0.000000,0.000000,0.000000,CV,0.000000,14.228896,13.482879,4.546807,20.000000,-0.000000,0.000000,0.000000,0.000000,0.000000,-0.000000,0.000000,0.000000,1.711445,nan,0.000000,0,0.000000,0.000000,0.000000,0.000000,0.000000,-0.003751,0.005864,2.999948,0.017592,-0.453193,0.000039,-0.006518,0.869689,0.025362,0.005443,1.047630,0,takeoff,,14.228896,3.109882,2.744269,0,,,
8.003990,6.636157,-0.077383,-4.564122,3.068471,0.054698,-0.469756,20.000000,-0.000000,0.000000,0.000000,0.000000,0.000000,CV,0.000000,14.121951,13.364067,4.564122,20.000000,-0.000000,0.000000,0.000000,0.000000,0.000000,-0.000000,0.000000,0.000000,1.706098,nan,0.000000,0,0.000000,0.000000,0.000000,0.000000,0.000000,-0.003655,0.005790,2.999950,0.017371,-0.435878,0.000026,-0.004410,0.346298,0.032991,-0.007929,0.944434,0,takeoff,,14.121951,3.104703,2.752224,0,,,
8.053907,6.826634,-0.074754,-4.588552,3.070295,0.054409,-0.410537,20.000000,-0.000000,0.000000,0.000000,0.000000,0.000000,CV,0.000000,13.949838,13.173578,4.588552,20.000000,-0.000000,0.000000,0.000000,0.000000,0.000000,-0.000000,0.000000,0.000000,1.697492,nan,0.000000,0,0.000000,0.000000,0.000000,0.000000,0.000000,-0.003541,0.005675,2.999952,0.017024,-0.411448,0.000040,-0.006950,0.488586,0.029465,-0.005944,0.871889,0,takeoff,,13.949838,3.098098,2.764650,0,,,
8.103933,6.945863,-0.073126,-4.601940,3.071510,0.053966,-0.380249,20.000000,-0.000000,0.000000,0.000000,0.000000,0.000000,CV,0.000000,13.841738,13.054342,4.601940,20.000000,-0.000000,0.000000,0.000000,0.000000,0.000000,-0.000000,0.000000,0.000000,1.692087,nan,0.000000,0,0.000000,0.000000,0.000000,0.000000,0.000000,-0.003450,0.005602,2.999953,0.016805,-0.398060,0.000025,-0.004371,0.267773,0.027557,-0.011935,0.732894,0,takeoff,,13.841738,3.095428,2.770605,0,,,
8.154029,7.065144,-0.071501,-4.614021,3.072828,0.053441,-0.353011,20.000000,-0.000000,0.000000,0.000000,0.000000,0.000000,CV,0.000000,13.733346,12.935054,4.614021,20.000000,-0.000000,0.000000,0.000000,0.000000,0.000000,-0.000000,0.000000,0.000000,1.686667,nan,0.000000,0,0.000000,0.000000,0.000000,0.000000,0.000000,-0.003376,0.005528,2.999954,0.016583,-0.385979,0.000025,-0.004438,0.241623,0.036061,-0.014092,0.654079,0,takeoff,,13.733346,3.093501,2.775843,0,,,
8.204129,7.232287,-0.069278,-4.629098,3.074805,0.052616,-0.322408,20.000000,-0.000000,0.000000,0.000000,0.000000,0.000000,CV,0.000000,13.581157,12.767901,4.629098,20.000000,-0.000000,0.000000,0.000000,0.000000,0.000000,-0.000000,0.000000,0.000000,1.679058,nan,0.000000,0,0.000000,0.000000,0.000000,0.000000,0.000000,-0.003235,0.005426,2.999956,0.016278,-0.370902,0.000033,-0.006103,0.301533,0.033438,-0.011663,0.483075,0,takeoff,,13.581157,3.092110,2.781016,0,,,
8.254028,7.423465,-0.066820,-4.644575,3.077075,0.051497,-0.295712,20.000000,-0.000000,0.000000,0.000000,0.000000,0.000000,CV,0.000000,13.406930,12.576712,4.644575,20.000000,-0.000000,0.000000,0.000000,0.000000,0.000000,-0.000000,0.000000,0.000000,1.670346,nan,0.000000,0,0.000000,0.000000,0.000000,0.000000,0.000000,-0.003073,0.005313,2.999958,0.015939,-0.355425,0.000036,-0.006779,0.309544,0.034561,-0.017488,0.394025,0,takeoff,,13.406930,3.091681,2.784301,0,,,
8.304182,7.542947,-0.065256,-4.653562,3.078310,0.050842,-0.281612,20.000000,-0.000000,0.000000,0.000000,0.000000,0.000000,CV,0.000000,13.298048,12.457224,4.653562,20.000000,-0.000000,0.000000,0.000000,0.000000,0.000000,-0.000000,0.000000,0.000000,1.664902,nan,0.000000,0,0.000000,0.000000,0.000000,0.000000,0.000000,-0.002953,0.005238,2.999959,0.015715,-0.346438,0.000024,-0.004474,0.179729,0.029167,-0.016510,0.346473,0,takeoff,,13.298048,3.091582,2.785333,0,,,
8.354757,7.710153,-0.063056,-4.665558,3.080018,0.049836,-0.263823,20.000000,-0.000000,0.000000,0.000000,0.000000,0.000000,CV,0.000000,13.145788,12.290009,4.665558,20.000000,-0.000000,0.000000,0.000000,0.000000,0.000000,-0.000000,0.000000,0.000000,1.657289,nan,0.000000,0,0.000000,0.000000,0.000000,0.000000,0.000000,-0.002796,0.005131,2.999961,0.015392,-0.334442,0.000034,-0.006465,0.239925,0.033453,-0.015881,0.295250,0,takeoff,,13.145788,3.091698,2.786079,0,,,
8.404008,7.829470,-0.061515,-4.673740,3.081001,0.049014,-0.253753,20.000000,-0.000000,0.000000,0.000000,0.000000,0.000000,CV,0.000000,13.037232,12.170685,4.673740,20.000000,-0.000000,0.000000,0.000000,0.000000,0.000000,-0.000000,0.000000,0.000000,1.651862,nan,0.000000,0,0.000000,0.000000,0.000000,0.000000,0.000000,-0.002666,0.005054,2.999962,0.015163,-0.326260,0.000023,-0.004580,0.163651,0.024617,-0.020991,0.238389,0,takeoff,,13.037232,3.091822,2.785442,0,,,
8.454402,8.020373,-0.059150,-4.686336,3.082558,0.047956,-0.239266,20.000000,-0.000000,0.000000,0.000000,0.000000,0.000000,CV,0.000000,12.863775,11.979773,4.686336,20.000000,-0.000000,0.000000,0.000000,0.000000,0.000000,-0.000000,0.000000,0.000000,1.643189,nan,0.000000,0,0.000000,0.000000,0.000000,0.000000,0.000000,-0.002450,0.004937,2.999963,0.014812,-0.313664,0.000035,-0.007011,0.251904,0.025650,-0.016662,0.214657,0,takeoff,,12.863775,3.092202,2.783744,0,,,
8.504110,8.139752,-0.057742,-4.693946,3.083450,0.047167,-0.231574,20.000000,-0.000000,0.000000,0.000000,0.000000,0.000000,CV,0.000000,12.755467,11.860388,4.693946,20.000000,-0.000000,0.000000,0.000000,0.000000,0.000000,-0.000000,0.000000,0.000000,1.637773,nan,0.000000,0,0.000000,0.000000,0.000000,0.000000,0.000000,-0.002313,0.004869,2.999964,0.014605,-0.306054,0.000020,-0.004139,0.152206,0.022610,-0.017226,0.191364,0,takeoff,,12.755467,3.092493,2.782039,0,,,
8.554109,8.307190,-0.055991,-4.704123,3.084806,0.046008,-0.220715,20.000000,-0.000000,0.000000,0.000000,0.000000,0.000000,CV,0.000000,12.603718,11.692944,4.704123,20.000000,-0.000000,0.000000,0.000000,0.000000,0.000000,-0.000000,0.000000,0.000000,1.630186,nan,0.000000,0,0.000000,0.000000,0.000000,0.000000,0.000000,-0.002133,0.004788,2.999966,0.014365,-0.295877,0.000023,-0.004801,0.203533,0.025138,-0.021249,0.190725,0,takeoff,,12.603718,3.093034,2.779684,0,,,
8.604030,8.427006,-0.054900,-4.711089,3.085806,0.045081,-0.214074,20.000000,-0.000000,0.000000,0.000000,0.000000,0.000000,CV,0.000000,12.495262,11.573124,4.711089,20.000000,-0.000000,0.000000,0.000000,0.000000,0.000000,-0.000000,0.000000,0.000000,1.624763,nan,0.000000,0,0.000000,0.000000,0.000000,0.000000,0.000000,-0.001990,0.004744,2.999966,0.014231,-0.288911,0.000013,-0.002683,0.139332,0.026777,-0.025163,0.157558,0,takeoff,,12.495262,3.093552,2.777531,0,,,
8.654404,8.547000,-0.053880,-4.718083,3.086702,0.044117,-0.207622,20.000000,-0.000000,0.000000,0.000000,0.000000,0.000000,CV,0.000000,12.386865,11.453127,4.718083,20.000000,-0.000000,0.000000,0.000000,0.000000,0.000000,-0.000000,0.000000,0.000000,1.619343,nan,0.000000,0,0.000000,0.000000,0.000000,0.000000,0.000000,-0.001844,0.004704,2.999967,0.014113,-0.281917,0.000011,-0.002359,0.139885,0.022545,-0.020560,0.153553,0,takeoff,,12.386865,3.093992,2.775101,0,,,
8.704606,8.739175,-0.052447,-4.728913,3.088166,0.042310,-0.198387,20.000000,-0.000000,0.000000,0.000000,0.000000,0.000000,CV,0.000000,12.213581,11.260947,4.728913,20.000000,-0.000000,0.000000,0.000000,0.000000,0.000000,-0.000000,0.000000,0.000000,1.610679,nan,0.000000,0,0.000000,0.000000,0.000000,0.000000,0.000000,-0.001566,0.004657,2.999967,0.013972,-0.271087,0.000013,-0.002819,0.216599,0.020564,-0.026722,0.138418,0,takeoff,,12.213581,3.094821,2.770634,0,,,
8.754171,8.907547,-0.051447,-4.738088,3.089291,0.040825,-0.190850,20.000000,-0.000000,0.000000,0.000000,0.000000,0.000000,CV,0.000000,12.062116,11.092572,4.738088,20.000000,-0.000000,0.000000,0.000000,0.000000,0.000000,-0.000000,0.000000,0.000000,1.603106,nan,0.000000,0,0.000000,0.000000,0.000000,0.000000,0.000000,-0.001304,0.004638,2.999968,0.013914,-0.261912,0.000005,-0.001170,0.183487,0.022888,-0.024178,0.143425,0,takeoff,,12.062116,3.095450,2.766153,0,,,
8.804520,9.027919,-0.050881,-4.744413,3.089955,0.039629,-0.185323,20.000000,-0.000000,0.000000,0.000000,0.000000,0.000000,CV,0.000000,11.954021,10.972199,4.744413,20.000000,-0.000000,0.000000,0.000000,0.000000,0.000000,-0.000000,0.000000,0.000000,1.597701,nan,0.000000,0,0.000000,0.000000,0.000000,0.000000,0.000000,-0.001103,0.004637,2.999968,0.013912,-0.255587,0.000000,-0.000039,0.126514,0.015423,-0.028791,0.130589,0,takeoff,,11.954021,3.095761,2.762753,0,,,
8.854455,9.220433,-0.050023,-4.754289,3.090652,0.037825,-0.176355,20.000000,-0.000000,0.000000,0.000000,0.000000,0.000000,CV,0.000000,11.781546,10.779683,4.754289,20.000000,-0.000000,0.000000,0.000000,0.000000,0.000000,-0.000000,0.000000,0.000000,1.589077,nan,0.000000,0,0.000000,0.000000,0.000000,0.000000,0.000000,-0.000804,0.004641,2.999968,0.013922,-0.245711,-0.000001,0.000193,0.197506,0.005156,-0.024065,0.139760,0,takeoff,,11.781546,3.095911,2.756798,0,,,
8.904148,9.340726,-0.049399,-4.760205,3.090765,0.036915,-0.171183,20.000000,-0.000000,0.000000,0.000000,0.000000,0.000000,CV,0.000000,11.673993,10.659389,4.760205,20.000000,-0.000000,0.000000,0.000000,0.000000,0.000000,-0.000000,0.000000,0.000000,1.583700,nan,0.000000,0,0.000000,0.000000,0.000000,0.000000,0.000000,-0.000672,0.004634,2.999968,0.013903,-0.239795,0.000002,-0.000372,0.118332,0.001967,-0.021880,0.126729,0,takeoff,,11.673993,3.095721,2.752466,0,,,
8.954308,9.509074,-0.048393,-4.768170,3.090378,0.035978,-0.163393,20.000000,-0.000000,0.000000,0.000000,0.000000,0.000000,CV,0.000000,11.523772,10.491037,4.768170,20.000000,-0.000000,0.000000,0.000000,0.000000,0.000000,-0.000000,0.000000,0.000000,1.576189,nan,0.000000,0,0.000000,0.000000,0.000000,0.000000,0.000000,-0.000490,0.004613,2.999968,0.013838,-0.231830,0.000006,-0.001291,0.159302,-0.009075,-0.014382,0.142561,0,takeoff,,11.523772,3.094904,2.745940,0,,,
9.004311,9.629327,-0.047612,-4.773518,3.090013,0.035347,-0.158506,20.000000,-0.000000,0.000000,0.000000,0.000000,0.000000,CV,0.000000,11.416637,10.370782,4.773518,20.000000,-0.000000,0.000000,0.000000,0.000000,0.000000,-0.000000,0.000000,0.000000,1.570832,nan,0.000000,0,0.000000,0.000000,0.000000,0.000000,0.000000,-0.000369,0.004591,2.999968,0.013773,-0.226482,-1.808193,-0.444109,-1.261789,-0.013843,-0.016206,0.114862,0,follow,,11.416637,3.094277,2.740786,0,,,
9.054211,9.821817,-0.046267,-4.781613,3.089394,0.034523,-0.151069,20.000000,-0.000000,0.000000,0.000000,0.000000,0.000000,CV,0.000000,11.245504,10.178288,4.781613,20.000000,-0.000000,0.000000,0.000000,0.000000,0.000000,-0.000000,0.000000,0.000000,1.562275,nan,0.000000,0,0.000000,0.000000,0.000000,0.000000,0.000000,-0.000221,0.004546,2.999969,0.013637,-0.218387,0.000012,-0.002721,0.161915,-0.010421,-0.008170,0.115365,0,follow,,11.245504,3.093278,2.732084,0,,,
9.103903,9.942181,-0.045350,-4.786422,3.088829,0.034115,-0.146553,20.000000,-0.000000,0.000000,0.000000,0.000000,0.000000,CV,0.000000,11.138744,10.057922,4.786422,20.000000,-0.000000,0.000000,0.000000,0.000000,0.000000,-0.000000,0.000000,0.000000,1.556937,nan,0.000000,0,0.000000,0.000000,0.000000,0.000000,0.000000,-0.000140,0.004509,2.999970,0.013527,-0.213578,0.000010,-0.002203,0.096169,-0.015765,-0.010146,0.112581,0,follow,,11.138744,3.092492,2.726247,0,,,
9.154265,10.062556,-0.044394,-4.791112,3.088256,0.033886,-0.142003,20.000000,-0.000000,0.000000,0.000000,0.000000,0.000000,CV,0.000000,11.032203,9.937543,4.791112,20.000000,-0.000000,0.000000,0.000000,0.000000,0.000000,-0.000000,0.000000,0.000000,1.551610,nan,0.000000,0,0.000000,0.000000,0.000000,0.000000,0.000000,-0.000082,0.004467,2.999970,0.013402,-0.208888,0.000011,-0.002499,0.093803,-0.014236,-0.007454,0.112188,0,follow,,11.032203,3.091705,2.720266,0,,,
9.204132,10.231168,-0.042840,-4.797479,3.087426,0.033516,-0.136714,20.000000,-0.000000,0.000000,0.000000,0.000000,0.000000,CV,0.000000,10.883369,9.768926,4.797479,20.000000,-0.000000,0.000000,0.000000,0.000000,0.000000,-0.000000,0.000000,0.000000,1.544168,nan,0.000000,0,0.000000,0.000000,0.000000,0.000000,0.000000,-0.000018,0.004385,2.999971,0.013156,-0.202521,0.000022,-0.004919,0.127335,-0.013113,-0.003106,0.085163,0,follow,,10.883369,3.090633,2.711118,0,,,
9.254658,10.424008,-0.040731,-4.804622,3.086763,0.033567,-0.131375,20.000000,-0.000000,0.000000,0.000000,0.000000,0.000000,CV,0.000000,10.713807,9.576078,4.804622,20.000000,-0.000000,0.000000,0.000000,0.000000,0.000000,-0.000000,0.000000,0.000000,1.535690,nan,0.000000,0,0.000000,0.000000,0.000000,0.000000,0.000000,0.000029,0.004253,2.999973,0.012760,-0.195378,0.000034,-0.007912,0.142860,-0.011295,0.003854,0.082387,0,follow,,10.713807,3.089740,2.700159,0,,,
9.304006,10.544559,-0.039331,-4.808966,3.086231,0.033596,-0.128003,20.000000,-0.000000,0.000000,0.000000,0.000000,0.000000,CV,0.000000,10.608161,9.455523,4.808966,20.000000,-0.000000,0.000000,0.000000,0.000000,0.000000,-0.000000,0.000000,0.000000,1.530408,nan,0.000000,0,0.000000,0.000000,0.000000,0.000000,0.000000,0.000057,0.004160,2.999974,0.012479,-0.191034,0.000024,-0.005634,0.086880,-0.013113,0.000698,0.086663,0,follow,,10.608161,3.089067,2.692968,0,,,
9.354356,10.713371,-0.037349,-4.814811,3.085522,0.033592,-0.122699,20.000000,-0.000000,0.000000,0.000000,0.000000,0.000000,CV,0.000000,10.460653,9.286704,4.814811,20.000000,-0.000000,0.000000,0.000000,0.000000,0.000000,-0.000000,0.000000,0.000000,1.523033,nan,0.000000,0,0.000000,0.000000,0.000000,0.000000,0.000000,0.000073,0.004022,2.999976,0.012065,-0.185189,0.000034,-0.008265,0.116901,-0.017405,-0.004734,0.095982,0,follow,,10.460653,3.088143,2.682870,0,,,
9.404089,10.834110,-0.035978,-4.818728,3.084971,0.033429,-0.119430,20.000000,-0.000000,0.000000,0.000000,0.000000,0.000000,CV,0.000000,10.355432,9.165960,4.818728,20.000000,-0.000000,0.000000,0.000000,0.000000,0.000000,-0.000000,0.000000,0.000000,1.517772,nan,0.000000,0,0.000000,0.000000,0.000000,0.000000,0.000000,0.000132,0.003925,2.999977,0.011776,-0.181272,0.000023,-0.005794,0.078354,-0.007853,-0.002931,0.080721,0,follow,,10.355432,3.087463,2.675138,0,,,
9.454186,11.027540,-0.033874,-4.824824,3.084342,0.033068,-0.114025,20.000000,-0.000000,0.000000,0.000000,0.000000,0.000000,CV,0.000000,10.187498,8.972524,4.824824,20.000000,-0.000000,0.000000,0.000000,0.000000,0.000000,-0.000000,0.000000,0.000000,1.509375,nan,0.000000,0,0.000000,0.000000,0.000000,0.000000,0.000000,0.000216,0.003775,2.999979,0.011326,-0.175176,0.000035,-0.008995,0.121918,-0.011832,-0.003780,0.083310,0,follow,,10.187498,3.086626,2.662587,0,,,
9.504008,11.148490,-0.032583,-4.828527,3.083905,0.032716,-0.111094,20.000000,-0.000000,0.000000,0.000000,0.000000,0.000000,CV,0.000000,10.082905,8.851570,4.828527,20.000000,-0.000000,0.000000,0.000000,0.000000,0.000000,-0.000000,0.000000,0.000000,1.504145,nan,0.000000,0,0.000000,0.000000,0.000000,0.000000,0.000000,0.000293,0.003681,2.999980,0.011043,-0.171473,0.000021,-0.005656,0.074062,-0.011981,-0.008570,0.073603,0,follow,,10.082905,3.086079,2.654182,0,,,
9.553848,11.317890,-0.030895,-4.833611,3.083229,0.032035,-0.106795,20.000000,-0.000000,0.000000,0.000000,0.000000,0.000000,CV,0.000000,9.936991,8.682165,4.833611,20.000000,-0.000000,0.000000,0.000000,0.000000,0.000000,-0.000000,0.000000,0.000000,1.496850,nan,0.000000,0,0.000000,0.000000,0.000000,0.000000,0.000000,0.000436,0.003558,2.999981,0.010675,-0.166389,0.000027,-0.007354,0.101681,-0.013560,-0.016540,0.074144,0,follow,,9.936991,3.085244,2.642018,0,,,
9.603913,11.439056,-0.029782,-4.837153,3.082772,0.031358,-0.104121,20.000000,-0.000000,0.000000,0.000000,0.000000,0.000000,CV,0.000000,9.833041,8.560995,4.837153,20.000000,-0.000000,0.000000,0.000000,0.000000,0.000000,-0.000000,0.000000,0.000000,1.491652,nan,0.000000,0,0.000000,0.000000,0.000000,0.000000,0.000000,0.000577,0.003479,2.999982,0.010436,-0.162847,0.000017,-0.004781,0.070839,-0.011146,-0.017394,0.065096,0,follow,,9.833041,3.084689,2.632830,0,,,
9.653894,11.633314,-0.027980,-4.842713,3.082473,0.030453,-0.099975,20.000000,-0.000000,0.000000,0.000000,0.000000,0.000000,CV,0.000000,9.667165,8.366733,4.842713,20.000000,-0.000000,0.000000,0.000000,0.000000,0.000000,-0.000000,0.000000,0.000000,1.483358,nan,0.000000,0,0.000000,0.000000,0.000000,0.000000,0.000000,0.000791,0.003344,2.999983,0.010033,-0.157287,0.000028,-0.008074,0.111198,-0.001582,-0.011994,0.060661,0,follow,,9.667165,3.084244,2.617808,0,,,
9.703910,11.754960,-0.026831,-4.846137,3.082308,0.029991,-0.097675,20.000000,-0.000000,0.000000,0.000000,0.000000,0.000000,CV,0.000000,9.563809,8.245084,4.846137,20.000000,-0.000000,0.000000,0.000000,0.000000,0.000000,-0.000000,0.000000,0.000000,1.478190,nan,0.000000,0,0.000000,0.000000,0.000000,0.000000,0.000000,0.000907,0.003254,2.999984,0.009763,-0.153863,0.000018,-0.005400,0.068474,-0.002921,-0.011493,0.058688,0,follow,,9.563809,3.084001,2.607874,0,,,
9.753900,11.925430,-0.025213,-4.850902,3.082128,0.029421,-0.094077,20.000000,-0.000000,0.000000,0.000000,0.000000,0.000000,CV,0.000000,9.419690,8.074609,4.850902,20.000000,-0.000000,0.000000,0.000000,0.000000,0.000000,-0.000000,0.000000,0.000000,1.470984,nan,0.000000,0,0.000000,0.000000,0.000000,0.000000,0.000000,0.001050,0.003122,2.999985,0.009367,-0.149098,0.000025,-0.007903,0.095291,-0.003070,-0.006482,0.062808,0,follow,,9.419690,3.083704,2.593636,0,,,
9.803917,11.925430,-0.025213,-4.850902,3.082128,0.029421,-0.094077,20.000000,-0.000000,0.000000,0.000000,0.000000,0.000000,CV,0.000000,9.419690,8.074609,4.850902,20.000000,-0.000000,0.000000,0.000000,0.000000,0.000000,-0.000000,0.000000,0.000000,1.470984,nan,0.000000,0,0.000000,0.000000,0.000000,0.000000,0.000000,0.001050,0.003122,2.999985,0.009367,-0.149098,0.000000,0.000000,0.000000,-0.003070,-0.006482,0.062808,0,follow,,9.419690,3.083704,2.593636,0,,,
9.853905,11.925430,-0.025213,-4.850902,3.082128,0.029421,-0.094077,20.000000,-0.000000,0.000000,0.000000,0.000000,0.000000,CV,0.000000,9.419690,8.074609,4.850902,20.000000,-0.000000,0.000000,0.000000,0.000000,0.000000,-0.000000,0.000000,0.000000,1.470984,nan,0.000000,0,0.000000,0.000000,0.000000,0.000000,0.000000,0.001050,0.003122,2.999985,0.009367,-0.149098,0.000000,0.000000,0.000000,-0.003070,-0.006482,0.062808,0,follow,,9.419690,3.083704,2.593636,0,,,
9.903838,11.925430,-0.025213,-4.850902,3.082128,0.029421,-0.094077,20.000000,-0.000000,0.000000,0.000000,0.000000,0.000000,CV,0.000000,9.419690,8.074609,4.850902,20.000000,-0.000000,0.000000,0.000000,0.000000,0.000000,-0.000000,0.000000,0.000000,1.470984,nan,0.000000,0,0.000000,0.000000,0.000000,0.000000,0.000000,0.001050,0.003122,2.999985,0.009367,-0.149098,0.000000,0.000000,0.000000,-0.003070,-0.006482,0.062808,0,follow,,9.419690,3.083704,2.593636,0,,,
9.953869,11.925430,-0.025213,-4.850902,3.082128,0.029421,-0.094077,20.000000,-0.000000,0.000000,0.000000,0.000000,0.000000,CV,0.000000,9.419690,8.074609,4.850902,20.000000,-0.000000,0.000000,0.000000,0.000000,0.000000,-0.000000,0.000000,0.000000,1.470984,nan,0.000000,0,0.000000,0.000000,0.000000,0.000000,0.000000,0.001050,0.003122,2.999985,0.009367,-0.149098,0.000000,0.000000,0.000000,-0.003070,-0.006482,0.062808,0,follow,,9.419690,3.083704,2.593636,0,,,
10.003787,11.925430,-0.025213,-4.850902,3.082128,0.029421,-0.094077,20.000000,-0.000000,0.000000,0.000000,0.000000,0.000000,CV,0.000000,9.419690,8.074609,4.850902,20.000000,-0.000000,0.000000,0.000000,0.000000,0.000000,-0.000000,0.000000,0.000000,1.470984,nan,0.000000,0,0.000000,0.000000,0.000000,0.000000,0.000000,0.001050,0.003122,2.999985,0.009367,-0.149098,0.000000,0.000000,0.000000,-0.003070,-0.006482,0.062808,0,follow,,9.419690,3.083704,2.593636,0,,,
10.053823,11.925430,-0.025213,-4.850902,3.082128,0.029421,-0.094077,20.000000,-0.000000,0.000000,0.000000,0.000000,0.000000,CV,0.000000,9.419690,8.074609,4.850902,20.000000,-0.000000,0.000000,0.000000,0.000000,0.000000,-0.000000,0.000000,0.000000,1.470984,nan,0.000000,0,0.000000,0.000000,0.000000,0.000000,0.000000,0.001050,0.003122,2.999985,0.009367,-0.149098,0.000000,0.000000,0.000000,-0.003070,-0.006482,0.062808,0,follow,,9.419690,3.083704,2.593636,0,,,
10.103886,11.925430,-0.025213,-4.850902,3.082128,0.029421,-0.094077,20.000000,-0.000000,0.000000,0.000000,0.000000,0.000000,CV,0.000000,9.419690,8.074609,4.850902,20.000000,-0.000000,0.000000,0.000000,0.000000,0.000000,-0.000000,0.000000,0.000000,1.470984,nan,0.000000,0,0.000000,0.000000,0.000000,0.000000,0.000000,0.001050,0.003122,2.999985,0.009367,-0.149098,0.000000,0.000000,0.000000,-0.003070,-0.006482,0.062808,0,follow,,9.419690,3.083704,2.593636,0,,,
10.153654,11.925430,-0.025213,-4.850902,3.082128,0.029421,-0.094077,20.000000,-0.000000,0.000000,0.000000,0.000000,0.000000,CV,0.000000,9.419690,8.074609,4.850902,20.000000,-0.000000,0.000000,0.000000,0.000000,0.000000,-0.000000,0.000000,0.000000,1.470984,nan,0.000000,0,0.000000,0.000000,0.000000,0.000000,0.000000,0.001050,0.003122,2.999985,0.009367,-0.149098,0.000000,0.000000,0.000000,-0.003070,-0.006482,0.062808,0,follow,,9.419690,3.083704,2.593636,0,,,
10.203755,11.925430,-0.025213,-4.850902,3.082128,0.029421,-0.094077,20.000000,-0.000000,0.000000,0.000000,0.000000,0.000000,CV,0.000000,9.419690,8.074609,4.850902,20.000000,-0.000000,0.000000,0.000000,0.000000,0.000000,-0.000000,0.000000,0.000000,1.470984,nan,0.000000,0,0.000000,0.000000,0.000000,0.000000,0.000000,0.001050,0.003122,2.999985,0.009367,-0.149098,0.000000,0.000000,0.000000,-0.003070,-0.006482,0.062808,0,follow,,9.419690,3.083704,2.593636,0,,,
10.253953,11.925430,-0.025213,-4.850902,3.082128,0.029421,-0.094077,20.000000,-0.000000,0.000000,0.000000,0.000000,0.000000,CV,0.000000,9.419690,8.074609,4.850902,20.000000,-0.000000,0.000000,0.000000,0.000000,0.000000,-0.000000,0.000000,0.000000,1.470984,nan,0.000000,0,0.000000,0.000000,0.000000,0.000000,0.000000,0.001050,0.003122,2.999985,0.009367,-0.149098,0.000000,0.000000,0.000000,-0.003070,-0.006482,0.062808,0,follow,,9.419690,3.083704,2.593636,0,,,
